"id","title","artist","apiName","apiArtist","match"
"410846246","Send My Love","Adele","Send My Love (To Your New Lover)","Adele","MISMATCH"
"2689018742","twilight zone","Ariana Grande","twilight zone","Ariana Grande","EXACT"
"5093684","Just the Way You Are","Bruno Mars","Just the Way You Are","Bruno Mars","EXACT"
"17112299","Call Me Maybe","Carly Rae Jepsen","Call Me Maybe","Carly Rae Jepsen","EXACT"
"2065100107","Dance The Night","Dua Lipa","Dance The Night","Dua Lipa","EXACT"
"451703096","Shape of You","Ed Sheeran","Shape of You","Ed Sheeran","EXACT"
"1948620191","As It Was","Harry Styles","As It Was","Harry Styles","EXACT"
"1805283634","Another Day Of Sun","La La Land Cast","Another Day Of Sun","La La Land Cast","EXACT"
"28756834","All About That Bass","Meghan Trainor","All About That Bass","Meghan Trainor","EXACT"
"17753288","What Makes You Beautiful","One Direction","What Makes You Beautiful","One Direction","EXACT"
"1964236604","Nonsense","Sabrina Carpenter","Nonsense","Sabrina Carpenter","EXACT"
"29747526","Who Says","Selena Gomez","Who Says","Selena Gomez","EXACT"
"473602620","There's Nothing Holdin' Me Back","Shawn Mendes","There's Nothing Holdin' Me Back","Shawn Mendes","EXACT"
"1859245776","STAY","The Kid LAROI / Justin Bieber","STAY","The Kid LAROI/Justin Bieber","MISMATCH"
"18638057","Baby","Justin Bieber / Ludacris","Baby","Justin Bieber/Ludacris","MISMATCH"
"36496695","Love Yourself","Justin Bieber","Love Yourself","Justin Bieber","EXACT"
"2617944302","Die With A Smile","Lady Gaga / Bruno Mars","Die With A Smile","Lady Gaga/Bruno Mars","MISMATCH"
"21038723","Poker Face","Lady Gaga","Poker Face","Lady Gaga","EXACT"
"2871217","Firework","Katy Perry","Firework","Katy Perry","EXACT"
"27566922","Roar","Katy Perry","Roar","Katy Perry","EXACT"
"22441762","Teenage Dream","Katy Perry","Teenage Dream","Katy Perry","EXACT"
"473817398","Attention","Charlie Puth","Attention","Charlie Puth","EXACT"
"509728806","How Long","Charlie Puth","How Long","Charlie Puth","EXACT"
"1986884302","I Don't Think That I Like Her","Charlie Puth","I Don’t Think That I Like Her","Charlie Puth","MISMATCH"
"34072434","One Call Away","Charlie Puth","One Call Away","Charlie Puth","EXACT"
"401249910","We Don't Talk Anymore","Charlie Puth / Selena Gomez","We Don't Talk Anymore","Charlie Puth/Selena Gomez","MISMATCH"
"28987626","Animals","Maroon 5","Animals","Maroon 5","EXACT"
"28661564","Maps","Maroon 5","Maps","Maroon 5","EXACT"
"21253966","Moves Like Jagger","Maroon 5 / Christina Aguilera","Moves Like Jagger","Maroon 5/Christina Aguilera","MISMATCH"
"21253806","One More Night","Maroon 5","One More Night","Maroon 5","EXACT"
"4172700","Payphone","Maroon 5 / Wiz Khalifa","Payphone","Maroon 5/Wiz Khalifa","MISMATCH"
"29019227","Sugar","Maroon 5","Sugar","Maroon 5","EXACT"
"19292804","22","Taylor Swift","22","Taylor Swift","EXACT"
"29572503","All You Had To Do Was Stay","Taylor Swift","All You Had To Do Was Stay","Taylor Swift","EXACT"
"29572505","Bad Blood","Taylor Swift","Bad Blood","Taylor Swift","EXACT"
"29572510","Clean","Taylor Swift","Clean","Taylor Swift","EXACT"
"1382576173","Cruel Summer","Taylor Swift","Cruel Summer","Taylor Swift","EXACT"
"2050561748","Hits Different","Taylor Swift","Hits Different","Taylor Swift","EXACT"
"29572507","How You Get The Girl","Taylor Swift","How You Get The Girl","Taylor Swift","EXACT"
"1382572453","I Forgot That You Existed","Taylor Swift","I Forgot That You Existed","Taylor Swift","EXACT"
"25648017","I Knew You Were Trouble.","Taylor Swift","I Knew You Were Trouble.","Taylor Swift","EXACT"
"29572509","I Know Places","Taylor Swift","I Know Places","Taylor Swift","EXACT"
"29572504","I Wish You Would","Taylor Swift","I Wish You Would","Taylor Swift","EXACT"
"1382778514","Lover","Taylor Swift","Lover","Taylor Swift","EXACT"
"29498911","Out Of The Woods","Taylor Swift","Out Of The Woods","Taylor Swift","EXACT"
"28953033","Shake It Off","Taylor Swift","Shake It Off","Taylor Swift","EXACT"
"19292813","Starlight","Taylor Swift","Starlight","Taylor Swift","EXACT"
"29572502","Style","Taylor Swift","Style","Taylor Swift","EXACT"
"1382781100","The Man","Taylor Swift","The Man","Taylor Swift","EXACT"
"25787222","We Are Never Ever Getting Back Together","Taylor Swift","We Are Never Ever Getting Back Together","Taylor Swift","EXACT"
"29572506","Wildest Dreams","Taylor Swift","Wildest Dreams","Taylor Swift","EXACT"
"29572511","Wonderland","Taylor Swift","Wonderland","Taylor Swift","EXACT"
"29572512","You Are In Love","Taylor Swift","You Are In Love","Taylor Swift","EXACT"
"25657274","Talking to the Moon","Bruno Mars","Talking to the Moon","Bruno Mars","EXACT"
"2411634","A Thousand Years","Christina Perri","A Thousand Years","Christina Perri","EXACT"
"29966565","Love Me Like You Do","Ellie Goulding","Love Me Like You Do","Ellie Goulding","EXACT"
"27556211","All of Me","John Legend","All of Me","John Legend","EXACT"
"16232697","Because of You","Kelly Clarkson","Because of You","Kelly Clarkson","EXACT"
"1803545978","Someone You Loved","Lewis Capaldi","Someone You Loved","Lewis Capaldi","EXACT"
"28718313","The Way I Still Love You","Reynard Silva","The Way I Still Love You","Reynard Silva","EXACT"
"460043703","Perfect","Ed Sheeran","Perfect","Ed Sheeran","EXACT"
"28680438","Thinking out Loud","Ed Sheeran","Thinking out Loud","Ed Sheeran","EXACT"
"35847388","Hello","Adele","Hello","Adele","EXACT"
"36841427","Love In The Dark","Adele","Love In The Dark","Adele","EXACT"
"16435049","Someone Like You","Adele","Someone Like You","Adele","EXACT"
"402073823","When We Were Young","Adele","When We Were Young","Adele","EXACT"
"447925342","Meant To Be","Arc North / Krista Marina","Meant To Be","Arc North/Krista Marina","MISMATCH"
"1842927464","Waiting For Love","Avicii","Waiting For Love","Avicii","EXACT"
"411314681","This Is What You Came For","Calvin Harris / Rihanna","This Is What You Came For","Calvin Harris/Rihanna","MISMATCH"
"1446828061","Run Free","Deep Chills / IVIE","Run Free","Deep Chills/IVIE","MISMATCH"
"2054248953","Shots (Broiler Remix)","Imagine Dragons / Broiler","Shots (Broiler Remix)","Imagine Dragons/Broiler","MISMATCH"
"1952112969","Go Again","King CAAN / Elysa","Go Again (feat. ELYSA)","King CAAN/Elysa","MISMATCH"
"480426313","There For You","Martin Garrix / Troye Sivan","There For You","Martin Garrix/Troye Sivan","MISMATCH"
"439076364","Solo Dance","Martin Jensen","Solo Dance","Martin Jensen","EXACT"
"17706562","Good Time","Owl City / Carly Rae Jepsen","Good Time","Owl City/Carly Rae Jepsen","MISMATCH"
"515269424","Wolves","Selena Gomez / Marshmello","Wolves","Selena Gomez/Marshmello","MISMATCH"
"1297498908","Walk Thru Fire","Vicetone / Meron Ryan","Walk Thru Fire","Vicetone/Meron Ryan","MISMATCH"
"3313334","We Found Love","Rihanna / Calvin Harris","We Found Love","Rihanna/Calvin Harris","MISMATCH"
"423228325","Closer","The Chainsmokers / Halsey","Closer","The Chainsmokers/Halsey","MISMATCH"
"461347998","Something Just Like This","The Chainsmokers / Coldplay","Something Just Like This","The Chainsmokers/Coldplay","MISMATCH"
"18637990","Beauty And A Beat","Justin Bieber / Nicki Minaj","Beauty And A Beat","Justin Bieber/Nicki Minaj","MISMATCH"
"35847559","Sorry","Justin Bieber","Sorry","Justin Bieber","EXACT"
"34228719","What Do You Mean?","Justin Bieber","What Do You Mean?","Justin Bieber","EXACT"
"16435051","Rolling in the Deep","Adele","Rolling in the Deep","Adele","EXACT"
"2188235","Halo","Beyoncé","Halo","Beyoncé","EXACT"
"1830419924","Peaches","Justin Bieber / Daniel Caesar / GIVON","Peaches","Justin Bieber/Daniel Caesar/GIVĒON","MISMATCH"
"29722263","Uptown Funk","Mark Ronson / Bruno Mars","Uptown Funk","Mark Ronson/Bruno Mars","MISMATCH"
"2004562490","Kill Bill","SZA","Kill Bill","SZA","EXACT"
"21563184","Diamonds","Rihanna","Diamonds","Rihanna","EXACT"
"21563094","Umbrella","Rihanna / JAY-Z","Umbrella","Rihanna/JAŸ-Z","MISMATCH"
"5100769","Nothing On You","B.o.B / Bruno Mars","Nothing On You","B.o.B/Bruno Mars","MISMATCH"
"17793698","Whistle","Flo Rida","Whistle","Flo Rida","EXACT"
"21157332","One Day","Matisyahu","One Day","Matisyahu","EXACT"
"30953009","See You Again","Wiz Khalifa / Charlie Puth","See You Again","Wiz Khalifa/Charlie Puth","MISMATCH"
"1297841","Love The Way You Lie","Eminem / Rihanna","Love The Way You Lie","Eminem/Rihanna","MISMATCH"
"27902187","The Monster","Eminem / Rihanna","The Monster","Eminem/Rihanna","MISMATCH"
"17177324","Yellow","Coldplay","Yellow","Coldplay","EXACT"
"1338149101","Believer","Imagine Dragons","Believer","Imagine Dragons/Lil Wayne","MISMATCH"
"2870985","Stronger","Kelly Clarkson","Stronger (What Doesn't Kill You)","Kelly Clarkson","MISMATCH"
"1349964388","Running Up That Hill","Meg Myers","Running Up That Hill","Meg Myers","EXACT"
"19292799","State Of Grace","Taylor Swift","State Of Grace","Taylor Swift","EXACT"
"27896566","Bitchin' Summer","Avril Lavigne","Bitchin' Summer","Avril Lavigne","EXACT"
"26145391","Here's to Never Growing Up","Avril Lavigne","Here's To Never Growing Up","Avril Lavigne","EXACT"
"3370511577","drop dead","Olivia Rodrigo","drop dead","Olivia Rodrigo","EXACT"
"3392742809","stupid song","Olivia Rodrigo","stupid song","Olivia Rodrigo","EXACT"
"21803604","Apologize","OneRepublic","Apologize","Timbaland/OneRepublic","MISMATCH"
"26060065","Counting Stars","OneRepublic","Counting Stars","OneRepublic","EXACT"
"415126537","Just Like Fire","P!nk","Just Like Fire","P!nk","EXACT"
"3226001","Raise Your Glass","P!nk","Raise Your Glass","P!nk","EXACT"
"35724589","Lemon Tree","Fool's Garden","Lemon Tree","Fool's Garden","EXACT"
"1496764168","Heat Waves","Glass Animals","Heat Waves","Glass Animals","EXACT"
"27759600","Five Hundred Miles","Justin Timberlake / Carey Mulligan / Stark Sands","Five Hundred Miles","Justin Timberlake/Carey Mulligan/Stark Sands","MISMATCH"
"33728982","Gold","Kiiara","Gold","Kiiara","EXACT"
"19292812","Everything Has Changed","Taylor Swift / Ed Sheeran","Everything Has Changed","Taylor Swift/Ed Sheeran","MISMATCH"
"4433364","Summer Vibe","Walk off the Earth","Summer Vibe","Walk off the Earth","EXACT"
"2154850334","BIRDS OF A FEATHER","Billie Eilish","BIRDS OF A FEATHER","Billie Eilish","EXACT"
"2154851107","WILDFLOWER","Billie Eilish","WILDFLOWER","Billie Eilish","EXACT"
"460043708","What Do I Know?","Ed Sheeran","What Do I Know?","Ed Sheeran","EXACT"
"28157586","If I Die Young","The Band Perry","If I Die Young","The Band Perry","EXACT"
"25787219","All Too Well","Taylor Swift","All Too Well","Taylor Swift","EXACT"
"19292982","Fearless","Taylor Swift","Fearless","Taylor Swift","EXACT"
"19292805","I Almost Do","Taylor Swift","I Almost Do","Taylor Swift","EXACT"
"19292984","Love Story","Taylor Swift","Love Story","Taylor Swift","EXACT"
"19292800","Red","Taylor Swift","Red","Taylor Swift","EXACT"
"19292807","Stay Stay Stay","Taylor Swift","Stay Stay Stay","Taylor Swift","EXACT"
