c1.jpg	C:/Users/qsr/night-web/archive/music-refresh/covers/1.png
n1.jpg	https://p2.music.126.net/nI55am1PiT3CSKOPjDK0PA==/109951168571399728.jpg
c2.jpg	C:/Users/qsr/night-web/archive/music-refresh/covers/2.png
n2.jpg	https://p2.music.126.net/t4QkH8Sj18eTJ1idhEMPbw==/109951173887404037.jpg
c3.jpg	C:/Users/qsr/night-web/archive/music-refresh/covers/3.png
n3.jpg	https://p2.music.126.net/2pF-tKT79yQLWfOnm49-hA==/109951164496579083.jpg
c4.jpg	C:/Users/qsr/night-web/archive/music-refresh/covers/4.png
n4.jpg	https://p2.music.126.net/5G0jdorNO1vRvJDys7kESw==/109951165669210873.jpg
c5.jpg	C:/Users/qsr/night-web/archive/music-refresh/covers/5.png
n5.jpg	https://p2.music.126.net/93xo1BwBz05-KsuPtooZ-w==/109951169712015231.jpg
c6.jpg	C:/Users/qsr/night-web/archive/music-refresh/covers/6.png
n6.jpg	https://p2.music.126.net/qWXI0_10MCL4Jit3bCoxIQ==/109951168652287052.jpg
c7.jpg	C:/Users/qsr/night-web/archive/music-refresh/covers/7.png
p28531849.jpg	C:/Users/qsr/night-web/archive/music-refresh/imgcache/proj-28531849.img
n7.jpg	https://p2.music.126.net/PtNzHXId3qcw-XLA8ENG-A==/109951169908736666.jpg
c8.jpg	C:/Users/qsr/night-web/archive/music-refresh/covers/8.png
n8.jpg	https://p2.music.126.net/poEHirR74JQdSuWz4DhxTg==/109951168709603549.jpg
c9.jpg	C:/Users/qsr/night-web/archive/music-refresh/covers/9.png
p441491828.jpg	C:/Users/qsr/night-web/archive/music-refresh/imgcache/proj-441491828.img
c10.jpg	C:/Users/qsr/night-web/archive/music-refresh/covers/10.png
n10.jpg	https://p2.music.126.net/wSMfGvFzOAYRU_yVIfquAA==/2946691248081599.jpg
c11.jpg	C:/Users/qsr/night-web/archive/music-refresh/covers/11.png
p97357.jpg	C:/Users/qsr/night-web/archive/music-refresh/imgcache/proj-97357.img
c12.jpg	C:/Users/qsr/night-web/archive/music-refresh/covers/12.png
n12.jpg	https://p2.music.126.net/ZZAQGWl9mR7g5xCyWWH3Pw==/19149094509535913.jpg
c13.jpg	C:/Users/qsr/night-web/archive/music-refresh/covers/13.png
p28754846.jpg	C:/Users/qsr/night-web/archive/music-refresh/imgcache/proj-28754846.img
c14.jpg	C:/Users/qsr/night-web/archive/music-refresh/covers/14.png
p516823132.jpg	C:/Users/qsr/night-web/archive/music-refresh/imgcache/proj-516823132.img
c15.jpg	C:/Users/qsr/night-web/archive/music-refresh/covers/15.png
n15.jpg	https://p2.music.126.net/ve0l1aPRUBPP7e4x2Oz5DA==/109951169318479430.jpg
c16.jpg	C:/Users/qsr/night-web/archive/music-refresh/covers/16.png
p30431366.jpg	C:/Users/qsr/night-web/archive/music-refresh/imgcache/proj-30431366.img
c17.jpg	C:/Users/qsr/night-web/archive/music-refresh/covers/17.png
p1363948882.jpg	C:/Users/qsr/night-web/archive/music-refresh/imgcache/proj-1363948882.img
c18.jpg	C:/Users/qsr/night-web/archive/music-refresh/covers/18.png
n18.jpg	https://p2.music.126.net/tESNzKJXbzyke4KKoKzm8w==/109951167704212151.jpg
c19.jpg	C:/Users/qsr/night-web/archive/music-refresh/covers/19.png
p31445772.jpg	C:/Users/qsr/night-web/archive/music-refresh/imgcache/proj-31445772.img
c20.jpg	C:/Users/qsr/night-web/archive/music-refresh/covers/20.png
p421423806.jpg	C:/Users/qsr/night-web/archive/music-refresh/imgcache/proj-421423806.img
c21.jpg	C:/Users/qsr/night-web/archive/music-refresh/covers/21.png
n21.jpg	https://p2.music.126.net/3m8FTRHxXfmn-wFFdq8kFw==/109951173657647766.jpg
c22.jpg	C:/Users/qsr/night-web/archive/music-refresh/covers/22.png
p202373.jpg	C:/Users/qsr/night-web/archive/music-refresh/imgcache/proj-202373.img
c23.jpg	C:/Users/qsr/night-web/archive/music-refresh/covers/23.png
n23.jpg	https://p2.music.126.net/-noYXenVuiTrlcxrCqNPjQ==/109951169213362679.jpg
c24.jpg	C:/Users/qsr/night-web/archive/music-refresh/covers/24.png
p1888108371.jpg	C:/Users/qsr/night-web/archive/music-refresh/imgcache/proj-1888108371.img
n24.jpg	https://p2.music.126.net/34YW1QtKxJ_3YnX9ZzKhzw==/2946691234868155.jpg
c25.jpg	C:/Users/qsr/night-web/archive/music-refresh/covers/25.png
p1974443814.jpg	C:/Users/qsr/night-web/archive/music-refresh/imgcache/proj-1974443814.img
c26.jpg	C:/Users/qsr/night-web/archive/music-refresh/covers/26.png
p27646198.jpg	C:/Users/qsr/night-web/archive/music-refresh/imgcache/proj-27646198.img
c27.jpg	C:/Users/qsr/night-web/archive/music-refresh/covers/27.png
p27646199.jpg	C:/Users/qsr/night-web/archive/music-refresh/imgcache/proj-27646199.img
c28.jpg	C:/Users/qsr/night-web/archive/music-refresh/covers/28.png
p28053527.jpg	C:/Users/qsr/night-web/archive/music-refresh/imgcache/proj-28053527.img
n28.jpg	https://p2.music.126.net/B8XyAbneWgxRcD95SGMBbA==/109951173825645527.jpg
c29.jpg	C:/Users/qsr/night-web/archive/music-refresh/covers/29.png
p110215.jpg	C:/Users/qsr/night-web/archive/music-refresh/imgcache/proj-110215.img
c30.jpg	C:/Users/qsr/night-web/archive/music-refresh/covers/30.png
p109998.jpg	C:/Users/qsr/night-web/archive/music-refresh/imgcache/proj-109998.img
c31.jpg	C:/Users/qsr/night-web/archive/music-refresh/covers/31.png
n31.jpg	https://p2.music.126.net/vmCcDvD1H04e9gm97xsCqg==/109951163350929740.jpg
c32.jpg	C:/Users/qsr/night-web/archive/music-refresh/covers/32.png
p569200213.jpg	C:/Users/qsr/night-web/archive/music-refresh/imgcache/proj-569200213.img
c33.jpg	C:/Users/qsr/night-web/archive/music-refresh/covers/33.png
p569213220.jpg	C:/Users/qsr/night-web/archive/music-refresh/imgcache/proj-569213220.img
c34.jpg	C:/Users/qsr/night-web/archive/music-refresh/covers/34.png
p1939557593.jpg	C:/Users/qsr/night-web/archive/music-refresh/imgcache/proj-1939557593.img
n34.jpg	https://p2.music.126.net/625-tE8OzdM-rWO37PgqlQ==/109951168111472442.jpg
c35.jpg	C:/Users/qsr/night-web/archive/music-refresh/covers/35.png
p5265370.jpg	C:/Users/qsr/night-web/archive/music-refresh/imgcache/proj-5265370.img
n35.jpg	https://p2.music.126.net/wqL7YDxCCaoq0JYNadPlCA==/109951167192618756.jpg
c36.jpg	C:/Users/qsr/night-web/archive/music-refresh/covers/36.png
p355992.jpg	C:/Users/qsr/night-web/archive/music-refresh/imgcache/proj-355992.img
c37.jpg	C:/Users/qsr/night-web/archive/music-refresh/covers/37.png
p386844.jpg	C:/Users/qsr/night-web/archive/music-refresh/imgcache/proj-386844.img
c38.jpg	C:/Users/qsr/night-web/archive/music-refresh/covers/38.png
p254574.jpg	C:/Users/qsr/night-web/archive/music-refresh/imgcache/proj-254574.img
c39.jpg	C:/Users/qsr/night-web/archive/music-refresh/covers/39.png
p297710.jpg	C:/Users/qsr/night-web/archive/music-refresh/imgcache/proj-297710.img
n39.jpg	https://p2.music.126.net/8P1W00PwAVwLD_d-7vvxZw==/109951173007905115.jpg
c40.jpg	C:/Users/qsr/night-web/archive/music-refresh/covers/40.png
p108251.jpg	C:/Users/qsr/night-web/archive/music-refresh/imgcache/proj-108251.img
n40.jpg	https://p2.music.126.net/d2lUybfN5elKBbHWwnizNg==/109951172325726004.jpg
c41.jpg	C:/Users/qsr/night-web/archive/music-refresh/covers/41.png
n41.jpg	https://p2.music.126.net/Y_9l-ydJzV693ev8bGo-nA==/109951165164760011.jpg
c42.jpg	C:/Users/qsr/night-web/archive/music-refresh/covers/42.png
p108795.jpg	C:/Users/qsr/night-web/archive/music-refresh/imgcache/proj-108795.img
c43.jpg	C:/Users/qsr/night-web/archive/music-refresh/covers/43.png
n43.jpg	https://p2.music.126.net/ixIs5kkukgNYMmeDsc35_g==/29686813955450.jpg
c44.jpg	C:/Users/qsr/night-web/archive/music-refresh/covers/44.png
n44.jpg	https://p2.music.126.net/mW53BkMgGy37I7yVrUg-aQ==/109951163117902077.jpg
c45.jpg	C:/Users/qsr/night-web/archive/music-refresh/covers/45.png
p2006730075.jpg	C:/Users/qsr/night-web/archive/music-refresh/imgcache/proj-2006730075.img
n45.jpg	https://p2.music.126.net/PrZEpCYof9sbGKid2Djq6g==/109951167430264389.jpg
c46.jpg	C:/Users/qsr/night-web/archive/music-refresh/covers/46.png
n46.jpg	https://p2.music.126.net/xnU4hzOFNtOGk4pbMRCYIw==/109951169280793265.jpg
c47.jpg	C:/Users/qsr/night-web/archive/music-refresh/covers/47.png
p326990.jpg	C:/Users/qsr/night-web/archive/music-refresh/imgcache/proj-326990.img
c48.jpg	C:/Users/qsr/night-web/archive/music-refresh/covers/48.png
p25640392.jpg	C:/Users/qsr/night-web/archive/music-refresh/imgcache/proj-25640392.img
c49.jpg	C:/Users/qsr/night-web/archive/music-refresh/covers/49.png
n49.jpg	https://p2.music.126.net/lmCtt6-3fOPSdA1uwGCY5Q==/109951164567402626.jpg
c50.jpg	C:/Users/qsr/night-web/archive/music-refresh/covers/50.png
p1368754688.jpg	C:/Users/qsr/night-web/archive/music-refresh/imgcache/proj-1368754688.img
c51.jpg	C:/Users/qsr/night-web/archive/music-refresh/covers/51.png
p1807799505.jpg	C:/Users/qsr/night-web/archive/music-refresh/imgcache/proj-1807799505.img
c52.jpg	C:/Users/qsr/night-web/archive/music-refresh/covers/52.png
n52.jpg	https://p2.music.126.net/W2mKDaDQegJg0ic0GOd2KQ==/109951169169063268.jpg
c53.jpg	C:/Users/qsr/night-web/archive/music-refresh/covers/53.png
p167827.jpg	C:/Users/qsr/night-web/archive/music-refresh/imgcache/proj-167827.img
c54.jpg	C:/Users/qsr/night-web/archive/music-refresh/covers/54.png
n54.jpg	https://p2.music.126.net/Wcs2dbukFx3TUWkRuxVCpw==/3431575794705764.jpg
c55.jpg	C:/Users/qsr/night-web/archive/music-refresh/covers/55.png
n55.jpg	https://p2.music.126.net/ywVjRpbu9KpcBQh9KJz2HA==/109951164499974026.jpg
c56.jpg	C:/Users/qsr/night-web/archive/music-refresh/covers/56.png
n56.jpg	https://p2.music.126.net/TOkRGd59o3hAOKsnMMmMMA==/109951163755246383.jpg
c57.jpg	C:/Users/qsr/night-web/archive/music-refresh/covers/57.png
p169185.jpg	C:/Users/qsr/night-web/archive/music-refresh/imgcache/proj-169185.img
c58.jpg	C:/Users/qsr/night-web/archive/music-refresh/covers/58.png
n58.jpg	https://p2.music.126.net/MgH6SepYHboKPr6FR8yg-w==/109951167040040692.jpg
c59.jpg	C:/Users/qsr/night-web/archive/music-refresh/covers/59.png
p32507038.jpg	C:/Users/qsr/night-web/archive/music-refresh/imgcache/proj-32507038.img
c60.jpg	C:/Users/qsr/night-web/archive/music-refresh/covers/60.png
n60.jpg	https://p2.music.126.net/yoxDYFnoCq_gFmsdwyYkiQ==/109951168205342389.jpg
c61.jpg	C:/Users/qsr/night-web/archive/music-refresh/covers/61.png
p407450223.jpg	C:/Users/qsr/night-web/archive/music-refresh/imgcache/proj-407450223.img
c62.jpg	C:/Users/qsr/night-web/archive/music-refresh/covers/62.png
p27678655.jpg	C:/Users/qsr/night-web/archive/music-refresh/imgcache/proj-27678655.img
c63.jpg	C:/Users/qsr/night-web/archive/music-refresh/covers/63.png
p1407551413.jpg	C:/Users/qsr/night-web/archive/music-refresh/imgcache/proj-1407551413.img
c64.jpg	C:/Users/qsr/night-web/archive/music-refresh/covers/64.png
p27731176.jpg	C:/Users/qsr/night-web/archive/music-refresh/imgcache/proj-27731176.img
c65.jpg	C:/Users/qsr/night-web/archive/music-refresh/covers/65.png
n65.jpg	https://p2.music.126.net/0bk3Iqe2OZGBH2Iuyx7RzA==/109951170045577565.jpg
c66.jpg	C:/Users/qsr/night-web/archive/music-refresh/covers/66.png
p1468114204.jpg	C:/Users/qsr/night-web/archive/music-refresh/imgcache/proj-1468114204.img
n66.jpg	https://p2.music.126.net/tt8xwK-ASC2iqXNUXYKoDQ==/109951163606377163.jpg
c67.jpg	C:/Users/qsr/night-web/archive/music-refresh/covers/67.png
p31654343.jpg	C:/Users/qsr/night-web/archive/music-refresh/imgcache/proj-31654343.img
c68.jpg	C:/Users/qsr/night-web/archive/music-refresh/covers/68.png
p1330348068.jpg	C:/Users/qsr/night-web/archive/music-refresh/imgcache/proj-1330348068.img
c69.jpg	C:/Users/qsr/night-web/archive/music-refresh/covers/69.png
n69.jpg	https://p2.music.126.net/KTo5oSxH3CPA5PBTeFKDyA==/109951164581432409.jpg
c70.jpg	C:/Users/qsr/night-web/archive/music-refresh/covers/70.png
n70.jpg	https://p2.music.126.net/OAaxmYfsDZNXPk9H_h4pMQ==/109951165369903131.jpg
c71.jpg	C:/Users/qsr/night-web/archive/music-refresh/covers/71.png
n71.jpg	https://p2.music.126.net/KTo5oSxH3CPA5PBTeFKDyA==/109951164581432409.jpg
c72.jpg	C:/Users/qsr/night-web/archive/music-refresh/covers/72.png
n72.jpg	https://p2.music.126.net/5WBF8uSFXhLVjvMOCeqflQ==/109951167859171747.jpg
c73.jpg	C:/Users/qsr/night-web/archive/music-refresh/covers/73.png
n73.jpg	https://p2.music.126.net/2e__sKuIQsTSVVGr5Hk1FA==/109951170313536564.jpg
c74.jpg	C:/Users/qsr/night-web/archive/music-refresh/covers/74.png
p36270426.jpg	C:/Users/qsr/night-web/archive/music-refresh/imgcache/proj-36270426.img
c75.jpg	C:/Users/qsr/night-web/archive/music-refresh/covers/75.png
p28949444.jpg	C:/Users/qsr/night-web/archive/music-refresh/imgcache/proj-28949444.img
c76.jpg	C:/Users/qsr/night-web/archive/music-refresh/covers/76.png
p3389754902.jpg	C:/Users/qsr/night-web/archive/music-refresh/imgcache/proj-3389754902.img
n76.jpg	https://p2.music.126.net/kVwk6b8Qdya8oDyGDcyAVA==/1364493930777368.jpg
c77.jpg	C:/Users/qsr/night-web/archive/music-refresh/covers/77.png
p449818741.jpg	C:/Users/qsr/night-web/archive/music-refresh/imgcache/proj-449818741.img
c78.jpg	C:/Users/qsr/night-web/archive/music-refresh/covers/78.png
p233931.jpg	C:/Users/qsr/night-web/archive/music-refresh/imgcache/proj-233931.img
c79.jpg	C:/Users/qsr/night-web/archive/music-refresh/covers/79.png
p1299550532.jpg	C:/Users/qsr/night-web/archive/music-refresh/imgcache/proj-1299550532.img
c80.jpg	C:/Users/qsr/night-web/archive/music-refresh/covers/80.png
p1405283464.jpg	C:/Users/qsr/night-web/archive/music-refresh/imgcache/proj-1405283464.img
c81.jpg	C:/Users/qsr/night-web/archive/music-refresh/covers/81.png
n81.jpg	https://p2.music.126.net/kVwk6b8Qdya8oDyGDcyAVA==/1364493930777368.jpg
c82.jpg	C:/Users/qsr/night-web/archive/music-refresh/covers/82.png
p1807799505.jpg	C:/Users/qsr/night-web/archive/music-refresh/imgcache/proj-1807799505.img
n82.jpg	https://p2.music.126.net/aJWtwvdYRXvKUpAE2C6NoA==/109951168919708423.jpg
c83.jpg	C:/Users/qsr/night-web/archive/music-refresh/covers/83.png
p454828887.jpg	C:/Users/qsr/night-web/archive/music-refresh/imgcache/proj-454828887.img
c84.jpg	C:/Users/qsr/night-web/archive/music-refresh/covers/84.png
n84.jpg	https://p2.music.126.net/lLe5qRI7G9UV1NTEEvLa-g==/109951166155142333.jpg
c85.jpg	C:/Users/qsr/night-web/archive/music-refresh/covers/85.png
p5246676.jpg	C:/Users/qsr/night-web/archive/music-refresh/imgcache/proj-5246676.img
n85.jpg	https://p2.music.126.net/1HJILQwc62AfvcXkGgVJHQ==/109951165549820772.jpg
c86.jpg	C:/Users/qsr/night-web/archive/music-refresh/covers/86.png
n86.jpg	https://p2.music.126.net/em2jwX9Z-pz3E9fHtojtvg==/109951166887388958.jpg
c87.jpg	C:/Users/qsr/night-web/archive/music-refresh/covers/87.png
p287063.jpg	C:/Users/qsr/night-web/archive/music-refresh/imgcache/proj-287063.img
c88.jpg	C:/Users/qsr/night-web/archive/music-refresh/covers/88.png
n88.jpg	https://p2.music.126.net/Pzxy6py26NgNmhJjYMf2RQ==/109951169724216323.jpg
c89.jpg	C:/Users/qsr/night-web/archive/music-refresh/covers/89.png
n89.jpg	https://p2.music.126.net/hIkqOvTEhIZPm_NfU-Lknw==/1904354139400534.jpg
c90.jpg	C:/Users/qsr/night-web/archive/music-refresh/covers/90.png
p298838.jpg	C:/Users/qsr/night-web/archive/music-refresh/imgcache/proj-298838.img
c91.jpg	C:/Users/qsr/night-web/archive/music-refresh/covers/91.png
p29713754.jpg	C:/Users/qsr/night-web/archive/music-refresh/imgcache/proj-29713754.img
c92.jpg	C:/Users/qsr/night-web/archive/music-refresh/covers/92.png
p299936.jpg	C:/Users/qsr/night-web/archive/music-refresh/imgcache/proj-299936.img
c93.jpg	C:/Users/qsr/night-web/archive/music-refresh/covers/93.png
n93.jpg	https://p2.music.126.net/c9G5m3D3GQxqbTt6MqJIgw==/18956679974612526.jpg
c94.jpg	C:/Users/qsr/night-web/archive/music-refresh/covers/94.png
n94.jpg	https://p2.music.126.net/9-PMVvRGgYw4uZYwteDkiQ==/109951171301957274.jpg
c95.jpg	C:/Users/qsr/night-web/archive/music-refresh/covers/95.png
p1901371647.jpg	C:/Users/qsr/night-web/archive/music-refresh/imgcache/proj-1901371647.img
c96.jpg	C:/Users/qsr/night-web/archive/music-refresh/covers/96.png
p66282.jpg	C:/Users/qsr/night-web/archive/music-refresh/imgcache/proj-66282.img
c97.jpg	C:/Users/qsr/night-web/archive/music-refresh/covers/97.png
p66842.jpg	C:/Users/qsr/night-web/archive/music-refresh/imgcache/proj-66842.img
c98.jpg	C:/Users/qsr/night-web/archive/music-refresh/covers/98.png
n98.jpg	https://p2.music.126.net/kAKoBg1AOVrgvO4WEOywoA==/109951169594708968.jpg
c99.jpg	C:/Users/qsr/night-web/archive/music-refresh/covers/99.png
n99.jpg	https://p2.music.126.net/o_OjL_NZNoeog9fIjBXAyw==/18782957139233959.jpg
c100.jpg	C:/Users/qsr/night-web/archive/music-refresh/covers/100.png
p65536.jpg	C:/Users/qsr/night-web/archive/music-refresh/imgcache/proj-65536.img
c101.jpg	C:/Users/qsr/night-web/archive/music-refresh/covers/101.png
p64093.jpg	C:/Users/qsr/night-web/archive/music-refresh/imgcache/proj-64093.img
c102.jpg	C:/Users/qsr/night-web/archive/music-refresh/covers/102.png
n102.jpg	https://p2.music.126.net/oSMs7RzJFx0TgWCqRC8XjA==/109951171844247587.jpg
c103.jpg	C:/Users/qsr/night-web/archive/music-refresh/covers/103.png
n103.jpg	https://p2.music.126.net/3mi073axgjg-g-79ObwwEQ==/109951171836582062.jpg
c104.jpg	C:/Users/qsr/night-web/archive/music-refresh/covers/104.png
p108242.jpg	C:/Users/qsr/night-web/archive/music-refresh/imgcache/proj-108242.img
c105.jpg	C:/Users/qsr/night-web/archive/music-refresh/covers/105.png
n105.jpg	https://p2.music.126.net/Pz4sEpA7nsiyIdIrswTx9A==/109951167894836691.jpg
c106.jpg	C:/Users/qsr/night-web/archive/music-refresh/covers/106.png
p25727803.jpg	C:/Users/qsr/night-web/archive/music-refresh/imgcache/proj-25727803.img
c107.jpg	C:/Users/qsr/night-web/archive/music-refresh/covers/107.png
p29814898.jpg	C:/Users/qsr/night-web/archive/music-refresh/imgcache/proj-29814898.img
c108.jpg	C:/Users/qsr/night-web/archive/music-refresh/covers/108.png
n108.jpg	https://p1.music.126.net/vtnI8JpimWnZSzkXdmIB3w==/109951168558210782.jpg
c109.jpg	C:/Users/qsr/night-web/archive/music-refresh/covers/109.png
n109.jpg	https://p1.music.126.net/m1Jv3k4Yl4kpBv62NPjGHQ==/109951172814148796.jpg
c110.jpg	C:/Users/qsr/night-web/archive/music-refresh/covers/110.png
p108914.jpg	C:/Users/qsr/night-web/archive/music-refresh/imgcache/proj-108914.img
c111.jpg	C:/Users/qsr/night-web/archive/music-refresh/covers/111.png
p1989318036.jpg	C:/Users/qsr/night-web/archive/music-refresh/imgcache/proj-1989318036.img
c112.jpg	C:/Users/qsr/night-web/archive/music-refresh/covers/112.png
p1874585362.jpg	C:/Users/qsr/night-web/archive/music-refresh/imgcache/proj-1874585362.img
c113.jpg	C:/Users/qsr/night-web/archive/music-refresh/covers/113.png
p27646851.jpg	C:/Users/qsr/night-web/archive/music-refresh/imgcache/proj-27646851.img
c114.jpg	C:/Users/qsr/night-web/archive/music-refresh/covers/114.png
p18611643.jpg	C:/Users/qsr/night-web/archive/music-refresh/imgcache/proj-18611643.img
c115.jpg	C:/Users/qsr/night-web/archive/music-refresh/covers/115.png
p35724589.jpg	C:/Users/qsr/night-web/archive/music-refresh/imgcache/proj-35724589.img
c116.jpg	C:/Users/qsr/night-web/archive/music-refresh/covers/116.png
p27697195.jpg	C:/Users/qsr/night-web/archive/music-refresh/imgcache/proj-27697195.img
c117.jpg	C:/Users/qsr/night-web/archive/music-refresh/covers/117.png
n117.jpg	https://p1.music.126.net/6MIwqCNJnOwg3VDddtJm0A==/109951165991970619.jpg
c118.jpg	C:/Users/qsr/night-web/archive/music-refresh/covers/118.png
n118.jpg	https://p1.music.126.net/lsFTexwIBZaIzLI97MxyFA==/109951169100822659.jpg
c119.jpg	C:/Users/qsr/night-web/archive/music-refresh/covers/119.png
n119.jpg	https://p1.music.126.net/MOEm1rFDe--hIwPwETLy9A==/109951167430552289.jpg
c120.jpg	C:/Users/qsr/night-web/archive/music-refresh/covers/120.png
n120.jpg	https://p1.music.126.net/JsjUOYJytWLfFsA-RaHLgQ==/109951163471012053.jpg
c121.jpg	C:/Users/qsr/night-web/archive/music-refresh/covers/121.png
n121.jpg	https://p1.music.126.net/-X8B17rkFKi5vP9LBTYnUA==/109951167872427707.jpg
c122.jpg	C:/Users/qsr/night-web/archive/music-refresh/covers/122.png
p16431880.jpg	C:/Users/qsr/night-web/archive/music-refresh/imgcache/proj-16431880.img
c123.jpg	C:/Users/qsr/night-web/archive/music-refresh/covers/123.png
n123.jpg	https://p1.music.126.net/oioz4AI79t_8hd6njGrWqA==/109951167302849274.jpg
c124.jpg	C:/Users/qsr/night-web/archive/music-refresh/covers/124.png
n124.jpg	https://p1.music.126.net/W8QWo1y1lYwaNAX_jw7U9g==/109951163077007628.jpg
c125.jpg	C:/Users/qsr/night-web/archive/music-refresh/covers/125.png
n125.jpg	https://p1.music.126.net/LRQfii4zgT3oWX6INLOFTQ==/109951173845352629.jpg
c126.jpg	C:/Users/qsr/night-web/archive/music-refresh/covers/126.png
p1426247184.jpg	C:/Users/qsr/night-web/archive/music-refresh/imgcache/proj-1426247184.img
n126.jpg	https://p1.music.126.net/CUgGGyE5KHiRsyR43mF3eQ==/109951163572864669.jpg
c127.jpg	C:/Users/qsr/night-web/archive/music-refresh/covers/127.png
p16686599.jpg	C:/Users/qsr/night-web/archive/music-refresh/imgcache/proj-16686599.img
c128.jpg	C:/Users/qsr/night-web/archive/music-refresh/covers/128.png
n128.jpg	https://p1.music.126.net/NOEA4UU_ORnyy2Q81CI9bQ==/109951169334020231.jpg
c129.jpg	C:/Users/qsr/night-web/archive/music-refresh/covers/129.png
n129.jpg	https://p1.music.126.net/NOEA4UU_ORnyy2Q81CI9bQ==/109951169334020231.jpg
c130.jpg	C:/Users/qsr/night-web/archive/music-refresh/covers/130.png
p1927389937.jpg	C:/Users/qsr/night-web/archive/music-refresh/imgcache/proj-1927389937.img
c131.jpg	C:/Users/qsr/night-web/archive/music-refresh/covers/131.png
p1338149101.jpg	C:/Users/qsr/night-web/archive/music-refresh/imgcache/proj-1338149101.img
c132.jpg	C:/Users/qsr/night-web/archive/music-refresh/covers/132.png
p17177367.jpg	C:/Users/qsr/night-web/archive/music-refresh/imgcache/proj-17177367.img
c133.jpg	C:/Users/qsr/night-web/archive/music-refresh/covers/133.png
p17177380.jpg	C:/Users/qsr/night-web/archive/music-refresh/imgcache/proj-17177380.img
c134.jpg	C:/Users/qsr/night-web/archive/music-refresh/covers/134.png
p28528999.jpg	C:/Users/qsr/night-web/archive/music-refresh/imgcache/proj-28528999.img
c135.jpg	C:/Users/qsr/night-web/archive/music-refresh/covers/135.png
p3986017.jpg	C:/Users/qsr/night-web/archive/music-refresh/imgcache/proj-3986017.img
c136.jpg	C:/Users/qsr/night-web/archive/music-refresh/covers/136.png
p5104537.jpg	C:/Users/qsr/night-web/archive/music-refresh/imgcache/proj-5104537.img
n136.jpg	https://p1.music.126.net/dMcDWqZnkWeKd-5BZGHosg==/109951165300702419.jpg
c137.jpg	C:/Users/qsr/night-web/archive/music-refresh/covers/137.png
p18614153.jpg	C:/Users/qsr/night-web/archive/music-refresh/imgcache/proj-18614153.img
n137.jpg	https://p1.music.126.net/u8iDmaVi29R_M5_8scK77Q==/783951790649305.jpg
c138.jpg	C:/Users/qsr/night-web/archive/music-refresh/covers/138.png
n138.jpg	https://p1.music.126.net/sQQJ9xb079hTpWYSU5nH6Q==/109951163454247634.jpg
c139.jpg	C:/Users/qsr/night-web/archive/music-refresh/covers/139.png
p17405587.jpg	C:/Users/qsr/night-web/archive/music-refresh/imgcache/proj-17405587.img
c140.jpg	C:/Users/qsr/night-web/archive/music-refresh/covers/140.png
p16686599.jpg	C:/Users/qsr/night-web/archive/music-refresh/imgcache/proj-16686599.img
n140.jpg	https://p1.music.126.net/8TMjdt2YSoNKuhaXETgbJA==/109951163191729177.jpg
c141.jpg	C:/Users/qsr/night-web/archive/music-refresh/covers/141.png
n141.jpg	https://p1.music.126.net/9sTLpi_LneFP_FPcaNgnQQ==/109951168609412948.jpg
c142.jpg	C:/Users/qsr/night-web/archive/music-refresh/covers/142.png
n142.jpg	https://p1.music.126.net/9sTLpi_LneFP_FPcaNgnQQ==/109951168609412948.jpg
c143.jpg	C:/Users/qsr/night-web/archive/music-refresh/covers/143.png
n143.jpg	https://p1.music.126.net/8TMjdt2YSoNKuhaXETgbJA==/109951163191729177.jpg
c144.jpg	C:/Users/qsr/night-web/archive/music-refresh/covers/144.png
n144.jpg	https://p1.music.126.net/rlq-X1PFB_pjmWpDUMqFVA==/109951166879032988.jpg
c145.jpg	C:/Users/qsr/night-web/archive/music-refresh/covers/145.png
p481873953.jpg	C:/Users/qsr/night-web/archive/music-refresh/imgcache/proj-481873953.img
n145.jpg	https://p1.music.126.net/9bIIwES14NfP9yoFVypxVw==/18560855790342963.jpg
c146.jpg	C:/Users/qsr/night-web/archive/music-refresh/covers/146.png
p2152805690.jpg	C:/Users/qsr/night-web/archive/music-refresh/imgcache/proj-2152805690.img
c147.jpg	C:/Users/qsr/night-web/archive/music-refresh/covers/147.png
p1817961813.jpg	C:/Users/qsr/night-web/archive/music-refresh/imgcache/proj-1817961813.img
n147.jpg	https://p1.music.126.net/3RTXCbPRFb-4lCxM_3odcg==/746568395267478.jpg
c148.jpg	C:/Users/qsr/night-web/archive/music-refresh/covers/148.png
p2037073798.jpg	C:/Users/qsr/night-web/archive/music-refresh/imgcache/proj-2037073798.img
n148.jpg	https://p1.music.126.net/c3diooFPO6lJs-7BQCuM6A==/109951166196883773.jpg
c149.jpg	C:/Users/qsr/night-web/archive/music-refresh/covers/149.png
p1416661690.jpg	C:/Users/qsr/night-web/archive/music-refresh/imgcache/proj-1416661690.img
n149.jpg	https://p1.music.126.net/mI38J4BZrEjLJWFW6euRQg==/109951168226339678.jpg
c150.jpg	C:/Users/qsr/night-web/archive/music-refresh/covers/150.png
p411349769.jpg	C:/Users/qsr/night-web/archive/music-refresh/imgcache/proj-411349769.img
n150.jpg	https://p1.music.126.net/j_1WAorHk7VIX2jK_DNTag==/1390882212726917.jpg
c151.jpg	C:/Users/qsr/night-web/archive/music-refresh/covers/151.png
p555974038.jpg	C:/Users/qsr/night-web/archive/music-refresh/imgcache/proj-555974038.img
c152.jpg	C:/Users/qsr/night-web/archive/music-refresh/covers/152.png
p1318733599.jpg	C:/Users/qsr/night-web/archive/music-refresh/imgcache/proj-1318733599.img
c153.jpg	C:/Users/qsr/night-web/archive/music-refresh/covers/153.png
p1485777161.jpg	C:/Users/qsr/night-web/archive/music-refresh/imgcache/proj-1485777161.img
n153.jpg	https://p1.music.126.net/V-cFQ0XWyMJnmYp6_P2iwA==/109951167497737917.jpg
c154.jpg	C:/Users/qsr/night-web/archive/music-refresh/covers/154.png
p1322432164.jpg	C:/Users/qsr/night-web/archive/music-refresh/imgcache/proj-1322432164.img
n154.jpg	https://p1.music.126.net/mg_Ni1oPVpkMku2j8SHFGA==/911495139475934.jpg
c155.jpg	C:/Users/qsr/night-web/archive/music-refresh/covers/155.png
p17572422.jpg	C:/Users/qsr/night-web/archive/music-refresh/imgcache/proj-17572422.img
c156.jpg	C:/Users/qsr/night-web/archive/music-refresh/covers/156.png
p5052317.jpg	C:/Users/qsr/night-web/archive/music-refresh/imgcache/proj-5052317.img
c157.jpg	C:/Users/qsr/night-web/archive/music-refresh/covers/157.png
p2091578499.jpg	C:/Users/qsr/night-web/archive/music-refresh/imgcache/proj-2091578499.img
n157.jpg	https://p1.music.126.net/UCTiXpSo1Jk9qdvVYF_f8w==/109951168763203195.jpg
c158.jpg	C:/Users/qsr/night-web/archive/music-refresh/covers/158.png
p426194883.jpg	C:/Users/qsr/night-web/archive/music-refresh/imgcache/proj-426194883.img
c159.jpg	C:/Users/qsr/night-web/archive/music-refresh/covers/159.png
n159.jpg	https://p1.music.126.net/-fJB-P2l-a4A1eWs6WSXQw==/109951172100048038.jpg
c160.jpg	C:/Users/qsr/night-web/archive/music-refresh/covers/160.png
p1424400870.jpg	C:/Users/qsr/night-web/archive/music-refresh/imgcache/proj-1424400870.img
c161.jpg	C:/Users/qsr/night-web/archive/music-refresh/covers/161.png
p3420781828.jpg	C:/Users/qsr/night-web/archive/music-refresh/imgcache/proj-3420781828.img
n161.jpg	https://p1.music.126.net/I4xRY1Nd46fygwWIRY63DA==/109951163381683537.jpg
c162.jpg	C:/Users/qsr/night-web/archive/music-refresh/covers/162.png
n162.jpg	https://p1.music.126.net/zEWK544BId-RUgB-bTPTTQ==/109951164953536920.jpg
c163.jpg	C:/Users/qsr/night-web/archive/music-refresh/covers/163.png
n163.jpg	https://p1.music.126.net/jmeQ5fNh7DyxMAoVszdaHw==/1377688083917653.jpg
c164.jpg	C:/Users/qsr/night-web/archive/music-refresh/covers/164.png
n164.jpg	https://p1.music.126.net/0NnJKyg1IXVGHU1uqc_eLA==/109951168972704668.jpg
c165.jpg	C:/Users/qsr/night-web/archive/music-refresh/covers/165.png
n165.jpg	https://p1.music.126.net/6aqy20VWVRtn1f2jBLPeKQ==/109951168694564986.jpg
c166.jpg	C:/Users/qsr/night-web/archive/music-refresh/covers/166.png
p1938344407.jpg	C:/Users/qsr/night-web/archive/music-refresh/imgcache/proj-1938344407.img
c167.jpg	C:/Users/qsr/night-web/archive/music-refresh/covers/167.png
p514172235.jpg	C:/Users/qsr/night-web/archive/music-refresh/imgcache/proj-514172235.img
c168.jpg	C:/Users/qsr/night-web/archive/music-refresh/covers/168.png
p1824927085.jpg	C:/Users/qsr/night-web/archive/music-refresh/imgcache/proj-1824927085.img
c169.jpg	C:/Users/qsr/night-web/archive/music-refresh/covers/169.png
p1401302504.jpg	C:/Users/qsr/night-web/archive/music-refresh/imgcache/proj-1401302504.img
c170.jpg	C:/Users/qsr/night-web/archive/music-refresh/covers/170.png
p1855285578.jpg	C:/Users/qsr/night-web/archive/music-refresh/imgcache/proj-1855285578.img
n170.jpg	https://p1.music.126.net/eyvvwVVKBRJouMuVAwvVwQ==/109951168932491340.jpg
c171.jpg	C:/Users/qsr/night-web/archive/music-refresh/covers/171.png
p2004563422.jpg	C:/Users/qsr/night-web/archive/music-refresh/imgcache/proj-2004563422.img
c172.jpg	C:/Users/qsr/night-web/archive/music-refresh/covers/172.png
p1806905006.jpg	C:/Users/qsr/night-web/archive/music-refresh/imgcache/proj-1806905006.img
c173.jpg	C:/Users/qsr/night-web/archive/music-refresh/covers/173.png
p2004563430.jpg	C:/Users/qsr/night-web/archive/music-refresh/imgcache/proj-2004563430.img
c174.jpg	C:/Users/qsr/night-web/archive/music-refresh/covers/174.png
p2188235.jpg	C:/Users/qsr/night-web/archive/music-refresh/imgcache/proj-2188235.img
c175.jpg	C:/Users/qsr/night-web/archive/music-refresh/covers/175.png
p27072480.jpg	C:/Users/qsr/night-web/archive/music-refresh/imgcache/proj-27072480.img
n175.jpg	https://p2.music.126.net/zu5IKy8t161tOcTd_xR-uw==/109951166565081871.jpg
c176.jpg	C:/Users/qsr/night-web/archive/music-refresh/covers/176.png
p29534449.jpg	C:/Users/qsr/night-web/archive/music-refresh/imgcache/proj-29534449.img
c177.jpg	C:/Users/qsr/night-web/archive/music-refresh/covers/177.png
p1480204501.jpg	C:/Users/qsr/night-web/archive/music-refresh/imgcache/proj-1480204501.img
c178.jpg	C:/Users/qsr/night-web/archive/music-refresh/covers/178.png
p3406918.jpg	C:/Users/qsr/night-web/archive/music-refresh/imgcache/proj-3406918.img
c179.jpg	C:/Users/qsr/night-web/archive/music-refresh/covers/179.png
p29771432.jpg	C:/Users/qsr/night-web/archive/music-refresh/imgcache/proj-29771432.img
c180.jpg	C:/Users/qsr/night-web/archive/music-refresh/covers/180.png
p2011072415.jpg	C:/Users/qsr/night-web/archive/music-refresh/imgcache/proj-2011072415.img
c181.jpg	C:/Users/qsr/night-web/archive/music-refresh/covers/181.png
p37240629.jpg	C:/Users/qsr/night-web/archive/music-refresh/imgcache/proj-37240629.img
n181.jpg	https://p2.music.126.net/zx0EgLRhfOo-q906272T0Q==/3427177756044412.jpg
c182.jpg	C:/Users/qsr/night-web/archive/music-refresh/covers/182.png
n182.jpg	https://p2.music.126.net/C8WtOUxN4NMWFlTV3GmJcg==/109951169023366938.jpg
c183.jpg	C:/Users/qsr/night-web/archive/music-refresh/covers/183.png
n183.jpg	https://p2.music.126.net/5BFeUK2gY7Qsnnp7gm58_Q==/109951165975863139.jpg
c184.jpg	C:/Users/qsr/night-web/archive/music-refresh/covers/184.png
p1398324033.jpg	C:/Users/qsr/night-web/archive/music-refresh/imgcache/proj-1398324033.img
n184.jpg	https://p2.music.126.net/P6XMbCPENqlMsvPDEGIQxg==/109951165982513700.jpg
c185.jpg	C:/Users/qsr/night-web/archive/music-refresh/covers/185.png
p1331708845.jpg	C:/Users/qsr/night-web/archive/music-refresh/imgcache/proj-1331708845.img
n185.jpg	https://p2.music.126.net/LSNp2g4GIUaQBT1yvOq6XQ==/109951165983599325.jpg
c186.jpg	C:/Users/qsr/night-web/archive/music-refresh/covers/186.png
p444269135.jpg	C:/Users/qsr/night-web/archive/music-refresh/imgcache/proj-444269135.img
c187.jpg	C:/Users/qsr/night-web/archive/music-refresh/covers/187.png
p531051690.jpg	C:/Users/qsr/night-web/archive/music-refresh/imgcache/proj-531051690.img
c188.jpg	C:/Users/qsr/night-web/archive/music-refresh/covers/188.png
p1861580070.jpg	C:/Users/qsr/night-web/archive/music-refresh/imgcache/proj-1861580070.img
n188.jpg	https://p2.music.126.net/t1ufLGbVHVCj76-7UZdFyA==/18635622580993719.jpg
c189.jpg	C:/Users/qsr/night-web/archive/music-refresh/covers/189.png
p19902364.jpg	C:/Users/qsr/night-web/archive/music-refresh/imgcache/proj-19902364.img
c190.jpg	C:/Users/qsr/night-web/archive/music-refresh/covers/190.png
p453185808.jpg	C:/Users/qsr/night-web/archive/music-refresh/imgcache/proj-453185808.img
c191.jpg	C:/Users/qsr/night-web/archive/music-refresh/covers/191.png
p402070862.jpg	C:/Users/qsr/night-web/archive/music-refresh/imgcache/proj-402070862.img
c192.jpg	C:/Users/qsr/night-web/archive/music-refresh/covers/192.png
p497218032.jpg	C:/Users/qsr/night-web/archive/music-refresh/imgcache/proj-497218032.img
c193.jpg	C:/Users/qsr/night-web/archive/music-refresh/covers/193.png
p28786054.jpg	C:/Users/qsr/night-web/archive/music-refresh/imgcache/proj-28786054.img
n193.jpg	https://p2.music.126.net/DuqxLMfiec2T18GXn1-yVQ==/109951163215172949.jpg
c194.jpg	C:/Users/qsr/night-web/archive/music-refresh/covers/194.png
p456175020.jpg	C:/Users/qsr/night-web/archive/music-refresh/imgcache/proj-456175020.img
c195.jpg	C:/Users/qsr/night-web/archive/music-refresh/covers/195.png
p423227295.jpg	C:/Users/qsr/night-web/archive/music-refresh/imgcache/proj-423227295.img
c196.jpg	C:/Users/qsr/night-web/archive/music-refresh/covers/196.png
p2152133213.jpg	C:/Users/qsr/night-web/archive/music-refresh/imgcache/proj-2152133213.img
n196.jpg	https://p2.music.126.net/V6WyRhakz_hJmpf_gDK1CQ==/109951165984095812.jpg
c197.jpg	C:/Users/qsr/night-web/archive/music-refresh/covers/197.png
p28306554.jpg	C:/Users/qsr/night-web/archive/music-refresh/imgcache/proj-28306554.img
n197.jpg	https://p1.music.126.net/mRQX2v6Ha_uhzMsri8GS6Q==/109951166519120083.jpg
c198.jpg	C:/Users/qsr/night-web/archive/music-refresh/covers/198.png
p16963280.jpg	C:/Users/qsr/night-web/archive/music-refresh/imgcache/proj-16963280.img
c199.jpg	C:/Users/qsr/night-web/archive/music-refresh/covers/199.png
p27713921.jpg	C:/Users/qsr/night-web/archive/music-refresh/imgcache/proj-27713921.img
c200.jpg	C:/Users/qsr/night-web/archive/music-refresh/covers/200.png
p1826923389.jpg	C:/Users/qsr/night-web/archive/music-refresh/imgcache/proj-1826923389.img
n200.jpg	https://p1.music.126.net/koIamsToq3nev4aQEHYlPg==/109951170289976953.jpg
c201.jpg	C:/Users/qsr/night-web/archive/music-refresh/covers/201.png
p26546088.jpg	C:/Users/qsr/night-web/archive/music-refresh/imgcache/proj-26546088.img
n201.jpg	https://p1.music.126.net/vKdjFbqJTHofBq7uEYLKRw==/2535473814614183.jpg
c202.jpg	C:/Users/qsr/night-web/archive/music-refresh/covers/202.png
p5201829.jpg	C:/Users/qsr/night-web/archive/music-refresh/imgcache/proj-5201829.img
n202.jpg	https://p1.music.126.net/btODnq7H8s3-yfB39deA8w==/109951163122960176.jpg
c203.jpg	C:/Users/qsr/night-web/archive/music-refresh/covers/203.png
p1295571534.jpg	C:/Users/qsr/night-web/archive/music-refresh/imgcache/proj-1295571534.img
n203.jpg	https://p1.music.126.net/eMmK_STvo_YIMsRoPU8Hdw==/109951163192715016.jpg
c204.jpg	C:/Users/qsr/night-web/archive/music-refresh/covers/204.png
p1811303184.jpg	C:/Users/qsr/night-web/archive/music-refresh/imgcache/proj-1811303184.img
n204.jpg	https://p1.music.126.net/5tuyB-sufsI9pCtbLcFMCA==/109951166302571359.jpg
c205.jpg	C:/Users/qsr/night-web/archive/music-refresh/covers/205.png
p19558690.jpg	C:/Users/qsr/night-web/archive/music-refresh/imgcache/proj-19558690.img
c206.jpg	C:/Users/qsr/night-web/archive/music-refresh/covers/206.png
p27200688.jpg	C:/Users/qsr/night-web/archive/music-refresh/imgcache/proj-27200688.img
n206.jpg	https://p1.music.126.net/VNy85j7ofJtkvxiqoDM6KA==/109951172764074356.jpg
c207.jpg	C:/Users/qsr/night-web/archive/music-refresh/covers/207.png
p26330723.jpg	C:/Users/qsr/night-web/archive/music-refresh/imgcache/proj-26330723.img
n207.jpg	https://p1.music.126.net/FkNdzTy_2hqq6OIwh068cw==/109951165967524384.jpg
c208.jpg	C:/Users/qsr/night-web/archive/music-refresh/covers/208.png
p1496239563.jpg	C:/Users/qsr/night-web/archive/music-refresh/imgcache/proj-1496239563.img
n208.jpg	https://p1.music.126.net/3ayPqZSNgaBLGpCbfBEzAw==/109951167815565396.jpg
c209.jpg	C:/Users/qsr/night-web/archive/music-refresh/covers/209.png
p1409093519.jpg	C:/Users/qsr/night-web/archive/music-refresh/imgcache/proj-1409093519.img
c210.jpg	C:/Users/qsr/night-web/archive/music-refresh/covers/210.png
p27412429.jpg	C:/Users/qsr/night-web/archive/music-refresh/imgcache/proj-27412429.img
n210.jpg	https://p1.music.126.net/TywhdCsOv5ul8wGo50FPQg==/109951167841995912.jpg
c211.jpg	C:/Users/qsr/night-web/archive/music-refresh/covers/211.png
p5159010.jpg	C:/Users/qsr/night-web/archive/music-refresh/imgcache/proj-5159010.img
c212.jpg	C:/Users/qsr/night-web/archive/music-refresh/covers/212.png
p2691123316.jpg	C:/Users/qsr/night-web/archive/music-refresh/imgcache/proj-2691123316.img
n212.jpg	https://p1.music.126.net/GwcZWW6Uq3oNStP1dd-aXw==/109951173383059605.jpg
c213.jpg	C:/Users/qsr/night-web/archive/music-refresh/covers/213.png
p18548880.jpg	C:/Users/qsr/night-web/archive/music-refresh/imgcache/proj-18548880.img
n213.jpg	https://p1.music.126.net/ukp1h6TFDL9mQYLbO8TikA==/6622358534995141.jpg
c214.jpg	C:/Users/qsr/night-web/archive/music-refresh/covers/214.png
p1313096578.jpg	C:/Users/qsr/night-web/archive/music-refresh/imgcache/proj-1313096578.img
c216.jpg	C:/Users/qsr/night-web/archive/music-refresh/covers/216.png
p1374446646.jpg	C:/Users/qsr/night-web/archive/music-refresh/imgcache/proj-1374446646.img
c217.jpg	C:/Users/qsr/night-web/archive/music-refresh/covers/217.png
p20707713.jpg	C:/Users/qsr/night-web/archive/music-refresh/imgcache/proj-20707713.img
c218.jpg	C:/Users/qsr/night-web/archive/music-refresh/covers/218.png
p26867112.jpg	C:/Users/qsr/night-web/archive/music-refresh/imgcache/proj-26867112.img
n218.jpg	https://p1.music.126.net/GKRzlo68r--pw8LdE96jEg==/109951163167208843.jpg
c219.jpg	C:/Users/qsr/night-web/archive/music-refresh/covers/219.png
p1470274244.jpg	C:/Users/qsr/night-web/archive/music-refresh/imgcache/proj-1470274244.img
c220.jpg	C:/Users/qsr/night-web/archive/music-refresh/covers/220.png
p26608879.jpg	C:/Users/qsr/night-web/archive/music-refresh/imgcache/proj-26608879.img
c221.jpg	C:/Users/qsr/night-web/archive/music-refresh/covers/221.png
p28531849.jpg	C:/Users/qsr/night-web/archive/music-refresh/imgcache/proj-28531849.img
c222.jpg	C:/Users/qsr/night-web/archive/music-refresh/covers/222.png
p28208046.jpg	C:/Users/qsr/night-web/archive/music-refresh/imgcache/proj-28208046.img
c223.jpg	C:/Users/qsr/night-web/archive/music-refresh/covers/223.png
p16435064.jpg	C:/Users/qsr/night-web/archive/music-refresh/imgcache/proj-16435064.img
c224.jpg	C:/Users/qsr/night-web/archive/music-refresh/covers/224.png
p1350601781.jpg	C:/Users/qsr/night-web/archive/music-refresh/imgcache/proj-1350601781.img
c225.jpg	C:/Users/qsr/night-web/archive/music-refresh/covers/225.png
p504492140.jpg	C:/Users/qsr/night-web/archive/music-refresh/imgcache/proj-504492140.img
c226.jpg	C:/Users/qsr/night-web/archive/music-refresh/covers/226.png
p28586064.jpg	C:/Users/qsr/night-web/archive/music-refresh/imgcache/proj-28586064.img
c227.jpg	C:/Users/qsr/night-web/archive/music-refresh/covers/227.png
p18161816.jpg	C:/Users/qsr/night-web/archive/music-refresh/imgcache/proj-18161816.img
c228.jpg	C:/Users/qsr/night-web/archive/music-refresh/covers/228.png
p25706371.jpg	C:/Users/qsr/night-web/archive/music-refresh/imgcache/proj-25706371.img
c229.jpg	C:/Users/qsr/night-web/archive/music-refresh/covers/229.png
p429528027.jpg	C:/Users/qsr/night-web/archive/music-refresh/imgcache/proj-429528027.img
c230.jpg	C:/Users/qsr/night-web/archive/music-refresh/covers/230.png
p1404805139.jpg	C:/Users/qsr/night-web/archive/music-refresh/imgcache/proj-1404805139.img
c231.jpg	C:/Users/qsr/night-web/archive/music-refresh/covers/231.png
p36841428.jpg	C:/Users/qsr/night-web/archive/music-refresh/imgcache/proj-36841428.img
c232.jpg	C:/Users/qsr/night-web/archive/music-refresh/covers/232.png
p2117009.jpg	C:/Users/qsr/night-web/archive/music-refresh/imgcache/proj-2117009.img
c233.jpg	C:/Users/qsr/night-web/archive/music-refresh/covers/233.png
p1887190390.jpg	C:/Users/qsr/night-web/archive/music-refresh/imgcache/proj-1887190390.img
c234.jpg	C:/Users/qsr/night-web/archive/music-refresh/covers/234.png
p25657241.jpg	C:/Users/qsr/night-web/archive/music-refresh/imgcache/proj-25657241.img
c235.jpg	C:/Users/qsr/night-web/archive/music-refresh/covers/235.png
p25657236.jpg	C:/Users/qsr/night-web/archive/music-refresh/imgcache/proj-25657236.img
c236.jpg	C:/Users/qsr/night-web/archive/music-refresh/covers/236.png
p2058865535.jpg	C:/Users/qsr/night-web/archive/music-refresh/imgcache/proj-2058865535.img
n236.jpg	https://p1.music.126.net/nLSxXPBJ26NQghQOKzw8KA==/109951167817179776.jpg
c237.jpg	C:/Users/qsr/night-web/archive/music-refresh/covers/237.png
p2065100111.jpg	C:/Users/qsr/night-web/archive/music-refresh/imgcache/proj-2065100111.img
c238.jpg	C:/Users/qsr/night-web/archive/music-refresh/covers/238.png
n238.jpg	https://p1.music.126.net/ehx5edsHvWsiaTxm9LVgQw==/109951169009496980.jpg
c239.jpg	C:/Users/qsr/night-web/archive/music-refresh/covers/239.png
p2105586334.jpg	C:/Users/qsr/night-web/archive/music-refresh/imgcache/proj-2105586334.img
n239.jpg	https://p1.music.126.net/lqF5-HDkogZfAo2Z2kfngQ==/109951168900606192.jpg
c240.jpg	C:/Users/qsr/night-web/archive/music-refresh/covers/240.png
p2637558926.jpg	C:/Users/qsr/night-web/archive/music-refresh/imgcache/proj-2637558926.img
c241.jpg	C:/Users/qsr/night-web/archive/music-refresh/covers/241.png
p2081585861.jpg	C:/Users/qsr/night-web/archive/music-refresh/imgcache/proj-2081585861.img
n241.jpg	https://p1.music.126.net/90kpGRcQ_dRXzauhIt_KYw==/109951168689184037.jpg
c242.jpg	C:/Users/qsr/night-web/archive/music-refresh/covers/242.png
p2117911937.jpg	C:/Users/qsr/night-web/archive/music-refresh/imgcache/proj-2117911937.img
c243.jpg	C:/Users/qsr/night-web/archive/music-refresh/covers/243.png
p1331707956.jpg	C:/Users/qsr/night-web/archive/music-refresh/imgcache/proj-1331707956.img
n243.jpg	https://p1.music.126.net/zUp6BqKPn1lmZINHsVDoew==/18425615858527510.jpg
c244.jpg	C:/Users/qsr/night-web/archive/music-refresh/covers/244.png
p26377216.jpg	C:/Users/qsr/night-web/archive/music-refresh/imgcache/proj-26377216.img
n244.jpg	https://p1.music.126.net/8974g9y7cSc7JBgFQ1WP2Q==/109951166605470984.jpg
c245.jpg	C:/Users/qsr/night-web/archive/music-refresh/covers/245.png
p416903659.jpg	C:/Users/qsr/night-web/archive/music-refresh/imgcache/proj-416903659.img
n245.jpg	https://p1.music.126.net/XUHjsGtSC63UTiKEWbtvmQ==/109951165972029591.jpg
c246.jpg	C:/Users/qsr/night-web/archive/music-refresh/covers/246.png
p24603573.jpg	C:/Users/qsr/night-web/archive/music-refresh/imgcache/proj-24603573.img
n246.jpg	https://p1.music.126.net/CCIs0yqeXORmklBm_FoGqQ==/843325418548927.jpg
c247.jpg	C:/Users/qsr/night-web/archive/music-refresh/covers/247.png
p34497413.jpg	C:/Users/qsr/night-web/archive/music-refresh/imgcache/proj-34497413.img
n247.jpg	https://p1.music.126.net/8MozDKPD7hkyGPvZeJEZ5A==/109951165995001779.jpg
c248.jpg	C:/Users/qsr/night-web/archive/music-refresh/covers/248.png
p458697629.jpg	C:/Users/qsr/night-web/archive/music-refresh/imgcache/proj-458697629.img
c249.jpg	C:/Users/qsr/night-web/archive/music-refresh/covers/249.png
p1832581859.jpg	C:/Users/qsr/night-web/archive/music-refresh/imgcache/proj-1832581859.img
n249.jpg	https://p1.music.126.net/eSrLKe5g3U8jX-lb629q6A==/109951164162885535.jpg
c250.jpg	C:/Users/qsr/night-web/archive/music-refresh/covers/250.png
p1386693749.jpg	C:/Users/qsr/night-web/archive/music-refresh/imgcache/proj-1386693749.img
n250.jpg	https://p1.music.126.net/w0pfCZcEqVpu3Bs9UqS1Qw==/109951173497110270.jpg
c251.jpg	C:/Users/qsr/night-web/archive/music-refresh/covers/251.png
p1306995079.jpg	C:/Users/qsr/night-web/archive/music-refresh/imgcache/proj-1306995079.img
n251.jpg	https://p1.music.126.net/C-OacRqh41bAq-75Y4DDkg==/109951166367895646.jpg
c252.jpg	C:/Users/qsr/night-web/archive/music-refresh/covers/252.png
p16593589.jpg	C:/Users/qsr/night-web/archive/music-refresh/imgcache/proj-16593589.img
c253.jpg	C:/Users/qsr/night-web/archive/music-refresh/covers/253.png
p26243686.jpg	C:/Users/qsr/night-web/archive/music-refresh/imgcache/proj-26243686.img
c254.jpg	C:/Users/qsr/night-web/archive/music-refresh/covers/254.png
p504265014.jpg	C:/Users/qsr/night-web/archive/music-refresh/imgcache/proj-504265014.img
c255.jpg	C:/Users/qsr/night-web/archive/music-refresh/covers/255.png
p2188283.jpg	C:/Users/qsr/night-web/archive/music-refresh/imgcache/proj-2188283.img
c256.jpg	C:/Users/qsr/night-web/archive/music-refresh/covers/256.png
p16434100.jpg	C:/Users/qsr/night-web/archive/music-refresh/imgcache/proj-16434100.img
c257.jpg	C:/Users/qsr/night-web/archive/music-refresh/covers/257.png
p21373645.jpg	C:/Users/qsr/night-web/archive/music-refresh/imgcache/proj-21373645.img
c258.jpg	C:/Users/qsr/night-web/archive/music-refresh/covers/258.png
p2677295798.jpg	C:/Users/qsr/night-web/archive/music-refresh/imgcache/proj-2677295798.img
n258.jpg	https://p1.music.126.net/ztY2rjgyu-zwp-OlqJVsYw==/109951164075256101.jpg
c259.jpg	C:/Users/qsr/night-web/archive/music-refresh/covers/259.png
p1386002735.jpg	C:/Users/qsr/night-web/archive/music-refresh/imgcache/proj-1386002735.img
c260.jpg	C:/Users/qsr/night-web/archive/music-refresh/covers/260.png
p18981962.jpg	C:/Users/qsr/night-web/archive/music-refresh/imgcache/proj-18981962.img
c261.jpg	C:/Users/qsr/night-web/archive/music-refresh/covers/261.png
p29719175.jpg	C:/Users/qsr/night-web/archive/music-refresh/imgcache/proj-29719175.img
c262.jpg	C:/Users/qsr/night-web/archive/music-refresh/covers/262.png
p27896574.jpg	C:/Users/qsr/night-web/archive/music-refresh/imgcache/proj-27896574.img
c263.jpg	C:/Users/qsr/night-web/archive/music-refresh/covers/263.png
p415904452.jpg	C:/Users/qsr/night-web/archive/music-refresh/imgcache/proj-415904452.img
c264.jpg	C:/Users/qsr/night-web/archive/music-refresh/covers/264.png
p36921365.jpg	C:/Users/qsr/night-web/archive/music-refresh/imgcache/proj-36921365.img
c265.jpg	C:/Users/qsr/night-web/archive/music-refresh/covers/265.png
p1830422741.jpg	C:/Users/qsr/night-web/archive/music-refresh/imgcache/proj-1830422741.img
c266.jpg	C:/Users/qsr/night-web/archive/music-refresh/covers/266.png
p27514868.jpg	C:/Users/qsr/night-web/archive/music-refresh/imgcache/proj-27514868.img
c267.jpg	C:/Users/qsr/night-web/archive/music-refresh/covers/267.png
p433681259.jpg	C:/Users/qsr/night-web/archive/music-refresh/imgcache/proj-433681259.img
c268.jpg	C:/Users/qsr/night-web/archive/music-refresh/covers/268.png
p441120471.jpg	C:/Users/qsr/night-web/archive/music-refresh/imgcache/proj-441120471.img
c269.jpg	C:/Users/qsr/night-web/archive/music-refresh/covers/269.png
p1876212794.jpg	C:/Users/qsr/night-web/archive/music-refresh/imgcache/proj-1876212794.img
c270.jpg	C:/Users/qsr/night-web/archive/music-refresh/covers/270.png
p1855475139.jpg	C:/Users/qsr/night-web/archive/music-refresh/imgcache/proj-1855475139.img
c271.jpg	C:/Users/qsr/night-web/archive/music-refresh/covers/271.png
p28692519.jpg	C:/Users/qsr/night-web/archive/music-refresh/imgcache/proj-28692519.img
c272.jpg	C:/Users/qsr/night-web/archive/music-refresh/covers/272.png
p2126654120.jpg	C:/Users/qsr/night-web/archive/music-refresh/imgcache/proj-2126654120.img
c273.jpg	C:/Users/qsr/night-web/archive/music-refresh/covers/273.png
p2097627772.jpg	C:/Users/qsr/night-web/archive/music-refresh/imgcache/proj-2097627772.img
c274.jpg	C:/Users/qsr/night-web/archive/music-refresh/covers/274.png
p2031003572.jpg	C:/Users/qsr/night-web/archive/music-refresh/imgcache/proj-2031003572.img
c275.jpg	C:/Users/qsr/night-web/archive/music-refresh/covers/275.png
p400876320.jpg	C:/Users/qsr/night-web/archive/music-refresh/imgcache/proj-400876320.img
c276.jpg	C:/Users/qsr/night-web/archive/music-refresh/covers/276.png
p564000295.jpg	C:/Users/qsr/night-web/archive/music-refresh/imgcache/proj-564000295.img
c277.jpg	C:/Users/qsr/night-web/archive/music-refresh/covers/277.png
p479223413.jpg	C:/Users/qsr/night-web/archive/music-refresh/imgcache/proj-479223413.img
c278.jpg	C:/Users/qsr/night-web/archive/music-refresh/covers/278.png
p1374329431.jpg	C:/Users/qsr/night-web/archive/music-refresh/imgcache/proj-1374329431.img
c279.jpg	C:/Users/qsr/night-web/archive/music-refresh/covers/279.png
p36990266.jpg	C:/Users/qsr/night-web/archive/music-refresh/imgcache/proj-36990266.img
c280.jpg	C:/Users/qsr/night-web/archive/music-refresh/covers/280.png
p1338098071.jpg	C:/Users/qsr/night-web/archive/music-refresh/imgcache/proj-1338098071.img
c281.jpg	C:/Users/qsr/night-web/archive/music-refresh/covers/281.png
p39224884.jpg	C:/Users/qsr/night-web/archive/music-refresh/imgcache/proj-39224884.img
c282.jpg	C:/Users/qsr/night-web/archive/music-refresh/covers/282.png
p28306668.jpg	C:/Users/qsr/night-web/archive/music-refresh/imgcache/proj-28306668.img
c283.jpg	C:/Users/qsr/night-web/archive/music-refresh/covers/283.png
p27698223.jpg	C:/Users/qsr/night-web/archive/music-refresh/imgcache/proj-27698223.img
c284.jpg	C:/Users/qsr/night-web/archive/music-refresh/covers/284.png
p1958557540.jpg	C:/Users/qsr/night-web/archive/music-refresh/imgcache/proj-1958557540.img
c285.jpg	C:/Users/qsr/night-web/archive/music-refresh/covers/285.png
p1846473650.jpg	C:/Users/qsr/night-web/archive/music-refresh/imgcache/proj-1846473650.img
c286.jpg	C:/Users/qsr/night-web/archive/music-refresh/covers/286.png
p2080218767.jpg	C:/Users/qsr/night-web/archive/music-refresh/imgcache/proj-2080218767.img
c287.jpg	C:/Users/qsr/night-web/archive/music-refresh/covers/287.png
p2144901835.jpg	C:/Users/qsr/night-web/archive/music-refresh/imgcache/proj-2144901835.img
c288.jpg	C:/Users/qsr/night-web/archive/music-refresh/covers/288.png
p1948618489.jpg	C:/Users/qsr/night-web/archive/music-refresh/imgcache/proj-1948618489.img
c289.jpg	C:/Users/qsr/night-web/archive/music-refresh/covers/289.png
p1407951508.jpg	C:/Users/qsr/night-web/archive/music-refresh/imgcache/proj-1407951508.img
c290.jpg	C:/Users/qsr/night-web/archive/music-refresh/covers/290.png
p1404228064.jpg	C:/Users/qsr/night-web/archive/music-refresh/imgcache/proj-1404228064.img
c291.jpg	C:/Users/qsr/night-web/archive/music-refresh/covers/291.png
p1432456852.jpg	C:/Users/qsr/night-web/archive/music-refresh/imgcache/proj-1432456852.img
c292.jpg	C:/Users/qsr/night-web/archive/music-refresh/covers/292.png
p1406633327.jpg	C:/Users/qsr/night-web/archive/music-refresh/imgcache/proj-1406633327.img
c293.jpg	C:/Users/qsr/night-web/archive/music-refresh/covers/293.png
p2014200813.jpg	C:/Users/qsr/night-web/archive/music-refresh/imgcache/proj-2014200813.img
c294.jpg	C:/Users/qsr/night-web/archive/music-refresh/covers/294.png
p1418953604.jpg	C:/Users/qsr/night-web/archive/music-refresh/imgcache/proj-1418953604.img
c295.jpg	C:/Users/qsr/night-web/archive/music-refresh/covers/295.png
p1433934518.jpg	C:/Users/qsr/night-web/archive/music-refresh/imgcache/proj-1433934518.img
c296.jpg	C:/Users/qsr/night-web/archive/music-refresh/covers/296.png
p1400110511.jpg	C:/Users/qsr/night-web/archive/music-refresh/imgcache/proj-1400110511.img
c297.jpg	C:/Users/qsr/night-web/archive/music-refresh/covers/297.png
p1990192689.jpg	C:/Users/qsr/night-web/archive/music-refresh/imgcache/proj-1990192689.img
c298.jpg	C:/Users/qsr/night-web/archive/music-refresh/covers/298.png
p516818336.jpg	C:/Users/qsr/night-web/archive/music-refresh/imgcache/proj-516818336.img
c299.jpg	C:/Users/qsr/night-web/archive/music-refresh/covers/299.png
p1990192725.jpg	C:/Users/qsr/night-web/archive/music-refresh/imgcache/proj-1990192725.img
c300.jpg	C:/Users/qsr/night-web/archive/music-refresh/covers/300.png
p1990192694.jpg	C:/Users/qsr/night-web/archive/music-refresh/imgcache/proj-1990192694.img
c301.jpg	C:/Users/qsr/night-web/archive/music-refresh/covers/301.png
p17753288.jpg	C:/Users/qsr/night-web/archive/music-refresh/imgcache/proj-17753288.img
c302.jpg	C:/Users/qsr/night-web/archive/music-refresh/covers/302.png
p1805283634.jpg	C:/Users/qsr/night-web/archive/music-refresh/imgcache/proj-1805283634.img
c303.jpg	C:/Users/qsr/night-web/archive/music-refresh/covers/303.png
n303.jpg	https://p1.music.126.net/V3KDJW84-_zl56HgA6Ycjg==/7878000813226177.jpg
c304.jpg	C:/Users/qsr/night-web/archive/music-refresh/covers/304.png
p509728806.jpg	C:/Users/qsr/night-web/archive/music-refresh/imgcache/proj-509728806.img
c305.jpg	C:/Users/qsr/night-web/archive/music-refresh/covers/305.png
n305.jpg	https://p1.music.126.net/GuP1K0O5tIjzzT6ksWqRlQ==/109951168663581864.jpg
c306.jpg	C:/Users/qsr/night-web/archive/music-refresh/covers/306.png
p27759600.jpg	C:/Users/qsr/night-web/archive/music-refresh/imgcache/proj-27759600.img
c307.jpg	C:/Users/qsr/night-web/archive/music-refresh/covers/307.png
p5100769.jpg	C:/Users/qsr/night-web/archive/music-refresh/imgcache/proj-5100769.img
c308.jpg	C:/Users/qsr/night-web/archive/music-refresh/covers/308.png
n308.jpg	https://p1.music.126.net/_3YCwTf4yAB-pMP7j70sUg==/5896680860106448.jpg
c309.jpg	C:/Users/qsr/night-web/archive/music-refresh/covers/309.png
n309.jpg	https://p1.music.126.net/tFn1ZetdVcurWjbq8fxRyA==/672901116242515.jpg
c310.jpg	C:/Users/qsr/night-web/archive/music-refresh/covers/310.png
p439076364.jpg	C:/Users/qsr/night-web/archive/music-refresh/imgcache/proj-439076364.img
c311.jpg	C:/Users/qsr/night-web/archive/music-refresh/covers/311.png
n311.jpg	https://p1.music.126.net/ge7xGc-hi68c5T6CHGM_Hw==/109951169536824308.jpg
c312.jpg	C:/Users/qsr/night-web/archive/music-refresh/covers/312.png
p497131617.jpg	C:/Users/qsr/night-web/archive/music-refresh/imgcache/proj-497131617.img
n312.jpg	https://p1.music.126.net/Zi6fKsS9k_Tyy8knE82spg==/109951163371292061.jpg
c313.jpg	C:/Users/qsr/night-web/archive/music-refresh/covers/313.png
n313.jpg	https://p1.music.126.net/VmzUHugXZBOPR49GVth30Q==/109951173054098239.jpg
c314.jpg	C:/Users/qsr/night-web/archive/music-refresh/covers/314.png
n314.jpg	https://p1.music.126.net/_WUjq86Db9pfhpwaYeoLqQ==/109951163219130849.jpg
c315.jpg	C:/Users/qsr/night-web/archive/music-refresh/covers/315.png
n315.jpg	https://p2.music.126.net/gZdwUZdIF_jF_DHQ1HjVXQ==/2135251581170994.jpg
c316.jpg	C:/Users/qsr/night-web/archive/music-refresh/covers/316.png
n316.jpg	https://p2.music.126.net/9LmOOypHwsmFSescMxV8Rw==/109951167495483327.jpg
c317.jpg	C:/Users/qsr/night-web/archive/music-refresh/covers/317.png
n317.jpg	https://p2.music.126.net/kY-sJXtissQ_7MfD5daEZw==/109951170309265717.jpg
c318.jpg	C:/Users/qsr/night-web/archive/music-refresh/covers/318.png
p1842927464.jpg	C:/Users/qsr/night-web/archive/music-refresh/imgcache/proj-1842927464.img
c319.jpg	C:/Users/qsr/night-web/archive/music-refresh/covers/319.png
n319.jpg	https://p2.music.126.net/AtW66W_dTcY3vHCUqEOUng==/109951171730851920.jpg
c320.jpg	C:/Users/qsr/night-web/archive/music-refresh/covers/320.png
p480426313.jpg	C:/Users/qsr/night-web/archive/music-refresh/imgcache/proj-480426313.img
c321.jpg	C:/Users/qsr/night-web/archive/music-refresh/covers/321.png
n321.jpg	https://p2.music.126.net/JyPsd_g00M-4mqXLLtHncw==/5984641790343690.jpg
c322.jpg	C:/Users/qsr/night-web/archive/music-refresh/covers/322.png
p423228325.jpg	C:/Users/qsr/night-web/archive/music-refresh/imgcache/proj-423228325.img
c323.jpg	C:/Users/qsr/night-web/archive/music-refresh/covers/323.png
p1803545978.jpg	C:/Users/qsr/night-web/archive/music-refresh/imgcache/proj-1803545978.img
n323.jpg	https://p2.music.126.net/JUba1HhkeerfSguZzyR1Mg==/109951170224172363.jpg
c324.jpg	C:/Users/qsr/night-web/archive/music-refresh/covers/324.png
n324.jpg	https://p2.music.126.net/GNlgMW2nvOA5flwMLUV5vg==/109951167874368423.jpg
c325.jpg	C:/Users/qsr/night-web/archive/music-refresh/covers/325.png
p28680438.jpg	C:/Users/qsr/night-web/archive/music-refresh/imgcache/proj-28680438.img
c326.jpg	C:/Users/qsr/night-web/archive/music-refresh/covers/326.png
p2065100107.jpg	C:/Users/qsr/night-web/archive/music-refresh/imgcache/proj-2065100107.img
c327.jpg	C:/Users/qsr/night-web/archive/music-refresh/covers/327.png
p35724589.jpg	C:/Users/qsr/night-web/archive/music-refresh/imgcache/proj-35724589.img
n327.jpg	https://p2.music.126.net/XAmYUhjbG3pIqNnzziN1cw==/109951167834178761.jpg
c328.jpg	C:/Users/qsr/night-web/archive/music-refresh/covers/328.png
n328.jpg	https://p2.music.126.net/99_i681E6ZE74t_xue6PUA==/109951166151204092.jpg
c329.jpg	C:/Users/qsr/night-web/archive/music-refresh/covers/329.png
p2188235.jpg	C:/Users/qsr/night-web/archive/music-refresh/imgcache/proj-2188235.img
n329.jpg	https://p2.music.126.net/tgjzI_Vo5qOruqon6WN-WA==/109951166433750815.jpg
c330.jpg	C:/Users/qsr/night-web/archive/music-refresh/covers/330.png
n330.jpg	https://p2.music.126.net/lvXLtnC5MhwmrvDcJnYvBQ==/109951165968796628.jpg
c331.jpg	C:/Users/qsr/night-web/archive/music-refresh/covers/331.png
n331.jpg	https://p2.music.126.net/lvXLtnC5MhwmrvDcJnYvBQ==/109951165968796628.jpg
c332.jpg	C:/Users/qsr/night-web/archive/music-refresh/covers/332.png
n332.jpg	https://p2.music.126.net/IAFYNi6MiLN9IaioJVaa8A==/109951173080460906.jpg
c333.jpg	C:/Users/qsr/night-web/archive/music-refresh/covers/333.png
p2411634.jpg	C:/Users/qsr/night-web/archive/music-refresh/imgcache/proj-2411634.img
c334.jpg	C:/Users/qsr/night-web/archive/music-refresh/covers/334.png
p17112299.jpg	C:/Users/qsr/night-web/archive/music-refresh/imgcache/proj-17112299.img
c335.jpg	C:/Users/qsr/night-web/archive/music-refresh/covers/335.png
p410846246.jpg	C:/Users/qsr/night-web/archive/music-refresh/imgcache/proj-410846246.img
c336.jpg	C:/Users/qsr/night-web/archive/music-refresh/covers/336.png
p21038723.jpg	C:/Users/qsr/night-web/archive/music-refresh/imgcache/proj-21038723.img
c337.jpg	C:/Users/qsr/night-web/archive/music-refresh/covers/337.png
p3392742809.jpg	C:/Users/qsr/night-web/archive/music-refresh/imgcache/proj-3392742809.img
c338.jpg	C:/Users/qsr/night-web/archive/music-refresh/covers/338.png
p1964236604.jpg	C:/Users/qsr/night-web/archive/music-refresh/imgcache/proj-1964236604.img
c339.jpg	C:/Users/qsr/night-web/archive/music-refresh/covers/339.png
n339.jpg	https://p2.music.126.net/WVjI32apdn0uQVH19MDBlg==/109951170660962550.jpg
c340.jpg	C:/Users/qsr/night-web/archive/music-refresh/covers/340.png
p1805283634.jpg	C:/Users/qsr/night-web/archive/music-refresh/imgcache/proj-1805283634.img
n340.jpg	https://p2.music.126.net/CrAb6Ryc5osJUM6zuoqxuw==/109951171012054073.jpg
c341.jpg	C:/Users/qsr/night-web/archive/music-refresh/covers/341.png
p2154851107.jpg	C:/Users/qsr/night-web/archive/music-refresh/imgcache/proj-2154851107.img
c342.jpg	C:/Users/qsr/night-web/archive/music-refresh/covers/342.png
p1496764168.jpg	C:/Users/qsr/night-web/archive/music-refresh/imgcache/proj-1496764168.img
c343.jpg	C:/Users/qsr/night-web/archive/music-refresh/covers/343.png
p17706562.jpg	C:/Users/qsr/night-web/archive/music-refresh/imgcache/proj-17706562.img
c344.jpg	C:/Users/qsr/night-web/archive/music-refresh/covers/344.png
p1349964388.jpg	C:/Users/qsr/night-web/archive/music-refresh/imgcache/proj-1349964388.img
c345.jpg	C:/Users/qsr/night-web/archive/music-refresh/covers/345.png
p1948620191.jpg	C:/Users/qsr/night-web/archive/music-refresh/imgcache/proj-1948620191.img
c346.jpg	C:/Users/qsr/night-web/archive/music-refresh/covers/346.png
p2004562490.jpg	C:/Users/qsr/night-web/archive/music-refresh/imgcache/proj-2004562490.img
c347.jpg	C:/Users/qsr/night-web/archive/music-refresh/covers/347.png
p2154850334.jpg	C:/Users/qsr/night-web/archive/music-refresh/imgcache/proj-2154850334.img
c348.jpg	C:/Users/qsr/night-web/archive/music-refresh/covers/348.png
p2617944302.jpg	C:/Users/qsr/night-web/archive/music-refresh/imgcache/proj-2617944302.img
c349.jpg	C:/Users/qsr/night-web/archive/music-refresh/covers/349.png
p515269424.jpg	C:/Users/qsr/night-web/archive/music-refresh/imgcache/proj-515269424.img
c350.jpg	C:/Users/qsr/night-web/archive/music-refresh/covers/350.png
p35847388.jpg	C:/Users/qsr/night-web/archive/music-refresh/imgcache/proj-35847388.img
c351.jpg	C:/Users/qsr/night-web/archive/music-refresh/covers/351.png
p36841427.jpg	C:/Users/qsr/night-web/archive/music-refresh/imgcache/proj-36841427.img
c352.jpg	C:/Users/qsr/night-web/archive/music-refresh/covers/352.png
p460043704.jpg	C:/Users/qsr/night-web/archive/music-refresh/imgcache/proj-460043704.img
c353.jpg	C:/Users/qsr/night-web/archive/music-refresh/covers/353.png
p21563094.jpg	C:/Users/qsr/night-web/archive/music-refresh/imgcache/proj-21563094.img
c354.jpg	C:/Users/qsr/night-web/archive/music-refresh/covers/354.png
p1297841.jpg	C:/Users/qsr/night-web/archive/music-refresh/imgcache/proj-1297841.img
c355.jpg	C:/Users/qsr/night-web/archive/music-refresh/covers/355.png
p411314681.jpg	C:/Users/qsr/night-web/archive/music-refresh/imgcache/proj-411314681.img
c356.jpg	C:/Users/qsr/night-web/archive/music-refresh/covers/356.png
p26060065.jpg	C:/Users/qsr/night-web/archive/music-refresh/imgcache/proj-26060065.img
c357.jpg	C:/Users/qsr/night-web/archive/music-refresh/covers/357.png
p21253806.jpg	C:/Users/qsr/night-web/archive/music-refresh/imgcache/proj-21253806.img
c358.jpg	C:/Users/qsr/night-web/archive/music-refresh/covers/358.png
p28661564.jpg	C:/Users/qsr/night-web/archive/music-refresh/imgcache/proj-28661564.img
c360.jpg	C:/Users/qsr/night-web/archive/music-refresh/covers/360.png
p21253966.jpg	C:/Users/qsr/night-web/archive/music-refresh/imgcache/proj-21253966.img
c361.jpg	C:/Users/qsr/night-web/archive/music-refresh/covers/361.png
p36496695.jpg	C:/Users/qsr/night-web/archive/music-refresh/imgcache/proj-36496695.img
c362.jpg	C:/Users/qsr/night-web/archive/music-refresh/covers/362.png
p1859245776.jpg	C:/Users/qsr/night-web/archive/music-refresh/imgcache/proj-1859245776.img
c363.jpg	C:/Users/qsr/night-web/archive/music-refresh/covers/363.png
p35847559.jpg	C:/Users/qsr/night-web/archive/music-refresh/imgcache/proj-35847559.img
c364.jpg	C:/Users/qsr/night-web/archive/music-refresh/covers/364.png
p4172700.jpg	C:/Users/qsr/night-web/archive/music-refresh/imgcache/proj-4172700.img
c365.jpg	C:/Users/qsr/night-web/archive/music-refresh/covers/365.png
p29019227.jpg	C:/Users/qsr/night-web/archive/music-refresh/imgcache/proj-29019227.img
c366.jpg	C:/Users/qsr/night-web/archive/music-refresh/covers/366.png
p21562960.jpg	C:/Users/qsr/night-web/archive/music-refresh/imgcache/proj-21562960.img
n366.jpg	https://p2.music.126.net/JqghELpdiaHyPB1I2hr7hg==/109951167748792218.jpg
c367.jpg	C:/Users/qsr/night-web/archive/music-refresh/covers/367.png
p21803604.jpg	C:/Users/qsr/night-web/archive/music-refresh/imgcache/proj-21803604.img
n367.jpg	https://p2.music.126.net/RnAXhfMkmqIvTw1kMd_dzQ==/1749322999805209.jpg
c368.jpg	C:/Users/qsr/night-web/archive/music-refresh/covers/368.png
p27902187.jpg	C:/Users/qsr/night-web/archive/music-refresh/imgcache/proj-27902187.img
c369.jpg	C:/Users/qsr/night-web/archive/music-refresh/covers/369.png
p17177324.jpg	C:/Users/qsr/night-web/archive/music-refresh/imgcache/proj-17177324.img
c370.jpg	C:/Users/qsr/night-web/archive/music-refresh/covers/370.png
p461347998.jpg	C:/Users/qsr/night-web/archive/music-refresh/imgcache/proj-461347998.img
c371.jpg	C:/Users/qsr/night-web/archive/music-refresh/covers/371.png
n371.jpg	https://p2.music.126.net/aIDVO5ug7h7i1nzY8-QYiQ==/109951163587312066.jpg
c372.jpg	C:/Users/qsr/night-web/archive/music-refresh/covers/372.png
p27566922.jpg	C:/Users/qsr/night-web/archive/music-refresh/imgcache/proj-27566922.img
c373.jpg	C:/Users/qsr/night-web/archive/music-refresh/covers/373.png
p2871217.jpg	C:/Users/qsr/night-web/archive/music-refresh/imgcache/proj-2871217.img
c374.jpg	C:/Users/qsr/night-web/archive/music-refresh/covers/374.png
p18637990.jpg	C:/Users/qsr/night-web/archive/music-refresh/imgcache/proj-18637990.img
c375.jpg	C:/Users/qsr/night-web/archive/music-refresh/covers/375.png
p18638057.jpg	C:/Users/qsr/night-web/archive/music-refresh/imgcache/proj-18638057.img
c376.jpg	C:/Users/qsr/night-web/archive/music-refresh/covers/376.png
p1907161101.jpg	C:/Users/qsr/night-web/archive/music-refresh/imgcache/proj-1907161101.img
n376.jpg	https://p2.music.126.net/_d1i74E6x-zTTnEmdVjEwA==/109951165835207944.jpg
c377.jpg	C:/Users/qsr/night-web/archive/music-refresh/covers/377.png
p34228719.jpg	C:/Users/qsr/night-web/archive/music-refresh/imgcache/proj-34228719.img
c378.jpg	C:/Users/qsr/night-web/archive/music-refresh/covers/378.png
p460043703.jpg	C:/Users/qsr/night-web/archive/music-refresh/imgcache/proj-460043703.img
c379.jpg	C:/Users/qsr/night-web/archive/music-refresh/covers/379.png
p451703096.jpg	C:/Users/qsr/night-web/archive/music-refresh/imgcache/proj-451703096.img
c380.jpg	C:/Users/qsr/night-web/archive/music-refresh/covers/380.png
p3226001.jpg	C:/Users/qsr/night-web/archive/music-refresh/imgcache/proj-3226001.img
n380.jpg	https://p2.music.126.net/txYDgH7H94BRDcJGieQXGA==/109951167392215050.jpg
c381.jpg	C:/Users/qsr/night-web/archive/music-refresh/covers/381.png
p415126537.jpg	C:/Users/qsr/night-web/archive/music-refresh/imgcache/proj-415126537.img
c382.jpg	C:/Users/qsr/night-web/archive/music-refresh/covers/382.png
p21373644.jpg	C:/Users/qsr/night-web/archive/music-refresh/imgcache/proj-21373644.img
n382.jpg	https://p2.music.126.net/XGquPCCQbF3uUmuXeuDFNw==/109951165967445090.jpg
c383.jpg	C:/Users/qsr/night-web/archive/music-refresh/covers/383.png
p28157586.jpg	C:/Users/qsr/night-web/archive/music-refresh/imgcache/proj-28157586.img
c384.jpg	C:/Users/qsr/night-web/archive/music-refresh/covers/384.png
p17793698.jpg	C:/Users/qsr/night-web/archive/music-refresh/imgcache/proj-17793698.img
c385.jpg	C:/Users/qsr/night-web/archive/music-refresh/covers/385.png
p19292984.jpg	C:/Users/qsr/night-web/archive/music-refresh/imgcache/proj-19292984.img
c386.jpg	C:/Users/qsr/night-web/archive/music-refresh/covers/386.png
p22441762.jpg	C:/Users/qsr/night-web/archive/music-refresh/imgcache/proj-22441762.img
c387.jpg	C:/Users/qsr/night-web/archive/music-refresh/covers/387.png
p29747526.jpg	C:/Users/qsr/night-web/archive/music-refresh/imgcache/proj-29747526.img
c388.jpg	C:/Users/qsr/night-web/archive/music-refresh/covers/388.png
p21562994.jpg	C:/Users/qsr/night-web/archive/music-refresh/imgcache/proj-21562994.img
c389.jpg	C:/Users/qsr/night-web/archive/music-refresh/covers/389.png
p21563184.jpg	C:/Users/qsr/night-web/archive/music-refresh/imgcache/proj-21563184.img
c390.jpg	C:/Users/qsr/night-web/archive/music-refresh/covers/390.png
p28756834.jpg	C:/Users/qsr/night-web/archive/music-refresh/imgcache/proj-28756834.img
c391.jpg	C:/Users/qsr/night-web/archive/music-refresh/covers/391.png
p27556211.jpg	C:/Users/qsr/night-web/archive/music-refresh/imgcache/proj-27556211.img
c392.jpg	C:/Users/qsr/night-web/archive/music-refresh/covers/392.png
p25657274.jpg	C:/Users/qsr/night-web/archive/music-refresh/imgcache/proj-25657274.img
c393.jpg	C:/Users/qsr/night-web/archive/music-refresh/covers/393.png
p16232697.jpg	C:/Users/qsr/night-web/archive/music-refresh/imgcache/proj-16232697.img
c394.jpg	C:/Users/qsr/night-web/archive/music-refresh/covers/394.png
p2870985.jpg	C:/Users/qsr/night-web/archive/music-refresh/imgcache/proj-2870985.img
n394.jpg	https://p2.music.126.net/NyN6he8m4t4F_yjOR_Tlww==/2495891395114271.jpg
c395.jpg	C:/Users/qsr/night-web/archive/music-refresh/covers/395.png
p402073823.jpg	C:/Users/qsr/night-web/archive/music-refresh/imgcache/proj-402073823.img
c396.jpg	C:/Users/qsr/night-web/archive/music-refresh/covers/396.png
p16435049.jpg	C:/Users/qsr/night-web/archive/music-refresh/imgcache/proj-16435049.img
c397.jpg	C:/Users/qsr/night-web/archive/music-refresh/covers/397.png
p16435051.jpg	C:/Users/qsr/night-web/archive/music-refresh/imgcache/proj-16435051.img
c398.jpg	C:/Users/qsr/night-web/archive/music-refresh/covers/398.png
p34072434.jpg	C:/Users/qsr/night-web/archive/music-refresh/imgcache/proj-34072434.img
c399.jpg	C:/Users/qsr/night-web/archive/music-refresh/covers/399.png
p29966565.jpg	C:/Users/qsr/night-web/archive/music-refresh/imgcache/proj-29966565.img
c400.jpg	C:/Users/qsr/night-web/archive/music-refresh/covers/400.png
p29722263.jpg	C:/Users/qsr/night-web/archive/music-refresh/imgcache/proj-29722263.img
c401.jpg	C:/Users/qsr/night-web/archive/music-refresh/covers/401.png
p5093684.jpg	C:/Users/qsr/night-web/archive/music-refresh/imgcache/proj-5093684.img
c402.jpg	C:/Users/qsr/night-web/archive/music-refresh/covers/402.png
p30953009.jpg	C:/Users/qsr/night-web/archive/music-refresh/imgcache/proj-30953009.img
c403.jpg	C:/Users/qsr/night-web/archive/music-refresh/covers/403.png
p401249910.jpg	C:/Users/qsr/night-web/archive/music-refresh/imgcache/proj-401249910.img
n403.jpg	https://p2.music.126.net/ZnSOe-J4MEfPj1J5ocEtwQ==/109951163983943030.jpg
c404.jpg	C:/Users/qsr/night-web/archive/music-refresh/covers/404.png
p473817398.jpg	C:/Users/qsr/night-web/archive/music-refresh/imgcache/proj-473817398.img
c405.jpg	C:/Users/qsr/night-web/archive/music-refresh/covers/405.png
p473602620.jpg	C:/Users/qsr/night-web/archive/music-refresh/imgcache/proj-473602620.img
c406.jpg	C:/Users/qsr/night-web/archive/music-refresh/covers/406.png
p401249910.jpg	C:/Users/qsr/night-web/archive/music-refresh/imgcache/proj-401249910.img
c407.jpg	C:/Users/qsr/night-web/archive/music-refresh/covers/407.png
p19292982.jpg	C:/Users/qsr/night-web/archive/music-refresh/imgcache/proj-19292982.img
c408.jpg	C:/Users/qsr/night-web/archive/music-refresh/covers/408.png
n408.jpg	https://p2.music.126.net/WS5zt4tq5KBONXcAktO2lA==/109951169270236134.jpg
c409.jpg	C:/Users/qsr/night-web/archive/music-refresh/covers/409.png
p19292812.jpg	C:/Users/qsr/night-web/archive/music-refresh/imgcache/proj-19292812.img
c410.jpg	C:/Users/qsr/night-web/archive/music-refresh/covers/410.png
p19292807.jpg	C:/Users/qsr/night-web/archive/music-refresh/imgcache/proj-19292807.img
c411.jpg	C:/Users/qsr/night-web/archive/music-refresh/covers/411.png
p25787222.jpg	C:/Users/qsr/night-web/archive/music-refresh/imgcache/proj-25787222.img
c412.jpg	C:/Users/qsr/night-web/archive/music-refresh/covers/412.png
n412.jpg	https://p2.music.126.net/WS5zt4tq5KBONXcAktO2lA==/109951169270236134.jpg
c413.jpg	C:/Users/qsr/night-web/archive/music-refresh/covers/413.png
p19292804.jpg	C:/Users/qsr/night-web/archive/music-refresh/imgcache/proj-19292804.img
c414.jpg	C:/Users/qsr/night-web/archive/music-refresh/covers/414.png
p25787219.jpg	C:/Users/qsr/night-web/archive/music-refresh/imgcache/proj-25787219.img
c415.jpg	C:/Users/qsr/night-web/archive/music-refresh/covers/415.png
p25648017.jpg	C:/Users/qsr/night-web/archive/music-refresh/imgcache/proj-25648017.img
n415.jpg	https://p2.music.126.net/WS5zt4tq5KBONXcAktO2lA==/109951169270236134.jpg
c416.jpg	C:/Users/qsr/night-web/archive/music-refresh/covers/416.png
p19292800.jpg	C:/Users/qsr/night-web/archive/music-refresh/imgcache/proj-19292800.img
c417.jpg	C:/Users/qsr/night-web/archive/music-refresh/covers/417.png
n417.jpg	https://p2.music.126.net/WS5zt4tq5KBONXcAktO2lA==/109951169270236134.jpg
c418.jpg	C:/Users/qsr/night-web/archive/music-refresh/covers/418.png
n418.jpg	https://p2.music.126.net/3KDqQ9XW2Khj5Ia4tRqAAw==/18771962022688349.jpg
c419.jpg	C:/Users/qsr/night-web/archive/music-refresh/covers/419.png
n419.jpg	https://p2.music.126.net/3KDqQ9XW2Khj5Ia4tRqAAw==/18771962022688349.jpg
c420.jpg	C:/Users/qsr/night-web/archive/music-refresh/covers/420.png
n420.jpg	https://p2.music.126.net/3KDqQ9XW2Khj5Ia4tRqAAw==/18771962022688349.jpg
c421.jpg	C:/Users/qsr/night-web/archive/music-refresh/covers/421.png
n421.jpg	https://p2.music.126.net/3KDqQ9XW2Khj5Ia4tRqAAw==/18771962022688349.jpg
c422.jpg	C:/Users/qsr/night-web/archive/music-refresh/covers/422.png
n422.jpg	https://p2.music.126.net/3KDqQ9XW2Khj5Ia4tRqAAw==/18771962022688349.jpg
c423.jpg	C:/Users/qsr/night-web/archive/music-refresh/covers/423.png
p29572506.jpg	C:/Users/qsr/night-web/archive/music-refresh/imgcache/proj-29572506.img
c424.jpg	C:/Users/qsr/night-web/archive/music-refresh/covers/424.png
p29572505.jpg	C:/Users/qsr/night-web/archive/music-refresh/imgcache/proj-29572505.img
c425.jpg	C:/Users/qsr/night-web/archive/music-refresh/covers/425.png
n425.jpg	https://p2.music.126.net/3KDqQ9XW2Khj5Ia4tRqAAw==/18771962022688349.jpg
c426.jpg	C:/Users/qsr/night-web/archive/music-refresh/covers/426.png
p28953033.jpg	C:/Users/qsr/night-web/archive/music-refresh/imgcache/proj-28953033.img
n426.jpg	https://p2.music.126.net/3KDqQ9XW2Khj5Ia4tRqAAw==/18771962022688349.jpg
c427.jpg	C:/Users/qsr/night-web/archive/music-refresh/covers/427.png
n427.jpg	https://p2.music.126.net/3KDqQ9XW2Khj5Ia4tRqAAw==/18771962022688349.jpg
c428.jpg	C:/Users/qsr/night-web/archive/music-refresh/covers/428.png
p29498911.jpg	C:/Users/qsr/night-web/archive/music-refresh/imgcache/proj-29498911.img
c429.jpg	C:/Users/qsr/night-web/archive/music-refresh/covers/429.png
p29572502.jpg	C:/Users/qsr/night-web/archive/music-refresh/imgcache/proj-29572502.img
c430.jpg	C:/Users/qsr/night-web/archive/music-refresh/covers/430.png
p29572501.jpg	C:/Users/qsr/night-web/archive/music-refresh/imgcache/proj-29572501.img
c431.jpg	C:/Users/qsr/night-web/archive/music-refresh/covers/431.png
n431.jpg	https://p2.music.126.net/3KDqQ9XW2Khj5Ia4tRqAAw==/18771962022688349.jpg
c432.jpg	C:/Users/qsr/night-web/archive/music-refresh/covers/432.png
n432.jpg	https://p2.music.126.net/6CB6Jsmb7k7qiJqfMY5Row==/109951164260234943.jpg
c433.jpg	C:/Users/qsr/night-web/archive/music-refresh/covers/433.png
n433.jpg	https://p2.music.126.net/6CB6Jsmb7k7qiJqfMY5Row==/109951164260234943.jpg
c434.jpg	C:/Users/qsr/night-web/archive/music-refresh/covers/434.png
n434.jpg	https://p1.music.126.net/6CB6Jsmb7k7qiJqfMY5Row==/109951164260234943.jpg
c435.jpg	C:/Users/qsr/night-web/archive/music-refresh/covers/435.png
n435.jpg	https://p1.music.126.net/6CB6Jsmb7k7qiJqfMY5Row==/109951164260234943.jpg
c436.jpg	C:/Users/qsr/night-web/archive/music-refresh/covers/436.png
n436.jpg	https://p1.music.126.net/6CB6Jsmb7k7qiJqfMY5Row==/109951164260234943.jpg
c437.jpg	C:/Users/qsr/night-web/archive/music-refresh/covers/437.png
n437.jpg	https://p1.music.126.net/6CB6Jsmb7k7qiJqfMY5Row==/109951164260234943.jpg
c438.jpg	C:/Users/qsr/night-web/archive/music-refresh/covers/438.png
n438.jpg	https://p1.music.126.net/6CB6Jsmb7k7qiJqfMY5Row==/109951164260234943.jpg
c439.jpg	C:/Users/qsr/night-web/archive/music-refresh/covers/439.png
n439.jpg	https://p1.music.126.net/6CB6Jsmb7k7qiJqfMY5Row==/109951164260234943.jpg
c440.jpg	C:/Users/qsr/night-web/archive/music-refresh/covers/440.png
n440.jpg	https://p1.music.126.net/6CB6Jsmb7k7qiJqfMY5Row==/109951164260234943.jpg
c441.jpg	C:/Users/qsr/night-web/archive/music-refresh/covers/441.png
n441.jpg	https://p1.music.126.net/6CB6Jsmb7k7qiJqfMY5Row==/109951164260234943.jpg
c442.jpg	C:/Users/qsr/night-web/archive/music-refresh/covers/442.png
n442.jpg	https://p1.music.126.net/6CB6Jsmb7k7qiJqfMY5Row==/109951164260234943.jpg
c443.jpg	C:/Users/qsr/night-web/archive/music-refresh/covers/443.png
n443.jpg	https://p1.music.126.net/6CB6Jsmb7k7qiJqfMY5Row==/109951164260234943.jpg
c444.jpg	C:/Users/qsr/night-web/archive/music-refresh/covers/444.png
n444.jpg	https://p1.music.126.net/6CB6Jsmb7k7qiJqfMY5Row==/109951164260234943.jpg
c445.jpg	C:/Users/qsr/night-web/archive/music-refresh/covers/445.png
p1382781100.jpg	C:/Users/qsr/night-web/archive/music-refresh/imgcache/proj-1382781100.img
c446.jpg	C:/Users/qsr/night-web/archive/music-refresh/covers/446.png
p1382778514.jpg	C:/Users/qsr/night-web/archive/music-refresh/imgcache/proj-1382778514.img
c447.jpg	C:/Users/qsr/night-web/archive/music-refresh/covers/447.png
p1382576173.jpg	C:/Users/qsr/night-web/archive/music-refresh/imgcache/proj-1382576173.img
c448.jpg	C:/Users/qsr/night-web/archive/music-refresh/covers/448.png
n448.jpg	https://p1.music.126.net/6CB6Jsmb7k7qiJqfMY5Row==/109951164260234943.jpg
c449.jpg	C:/Users/qsr/night-web/archive/music-refresh/covers/449.png
p1338149101.jpg	C:/Users/qsr/night-web/archive/music-refresh/imgcache/proj-1338149101.img
n449.jpg	https://p1.music.126.net/GsSmyY1r1CT7DEG3umRYWw==/109951169413830172.jpg