109951168571399728.jpg	https://p1.music.126.net/nI55am1PiT3CSKOPjDK0PA==/109951168571399728.jpg
109951173887404037.jpg	https://p1.music.126.net/t4QkH8Sj18eTJ1idhEMPbw==/109951173887404037.jpg
109951164496579083.jpg	https://p1.music.126.net/2pF-tKT79yQLWfOnm49-hA==/109951164496579083.jpg
109951165669210873.jpg	https://p1.music.126.net/5G0jdorNO1vRvJDys7kESw==/109951165669210873.jpg
109951169712015231.jpg	https://p1.music.126.net/93xo1BwBz05-KsuPtooZ-w==/109951169712015231.jpg
109951168652287052.jpg	https://p1.music.126.net/qWXI0_10MCL4Jit3bCoxIQ==/109951168652287052.jpg
109951169908736666.jpg	https://p1.music.126.net/PtNzHXId3qcw-XLA8ENG-A==/109951169908736666.jpg
109951168709603549.jpg	https://p1.music.126.net/poEHirR74JQdSuWz4DhxTg==/109951168709603549.jpg
2946691248081599.jpg	https://p1.music.126.net/wSMfGvFzOAYRU_yVIfquAA==/2946691248081599.jpg
109951165966760453.jpg	https://p1.music.126.net/GyH5RG2HUo78PJ161NCY8A==/109951165966760453.jpg
19149094509535913.jpg	https://p1.music.126.net/ZZAQGWl9mR7g5xCyWWH3Pw==/19149094509535913.jpg
19202970579205912.jpg	https://p1.music.126.net/QammUK3rCOAkkiszqz08eQ==/19202970579205912.jpg
109951171292487969.jpg	https://p1.music.126.net/Ay5wDVF_0TXZmE2K_ljX4g==/109951171292487969.jpg
109951169318479430.jpg	https://p1.music.126.net/ve0l1aPRUBPP7e4x2Oz5DA==/109951169318479430.jpg
7721870161993398.jpg	https://p1.music.126.net/VuJFMbXzpAProbJPoXLv7g==/7721870161993398.jpg
109951164071024476.jpg	https://p1.music.126.net/DK1_4sP_339o5rowMdPXdw==/109951164071024476.jpg
109951167704212151.jpg	https://p2.music.126.net/tESNzKJXbzyke4KKoKzm8w==/109951167704212151.jpg
109951168090271827.jpg	https://p2.music.126.net/ryk8Gu64rOhlYn0pc2Q8Ww==/109951168090271827.jpg
1371091013186741.jpg	https://p2.music.126.net/HQxTggMCB7AHUXN-ZFEtmA==/1371091013186741.jpg
109951173657647766.jpg	https://p2.music.126.net/3m8FTRHxXfmn-wFFdq8kFw==/109951173657647766.jpg
109951169213244790.jpg	https://p2.music.126.net/btBocL7KKvl0sRZY62_BIA==/109951169213244790.jpg
109951169213362679.jpg	https://p2.music.126.net/-noYXenVuiTrlcxrCqNPjQ==/109951169213362679.jpg
2946691234868155.jpg	https://p2.music.126.net/34YW1QtKxJ_3YnX9ZzKhzw==/2946691234868155.jpg
109951169682871673.jpg	https://p2.music.126.net/9bVOooAY6U6EJLzpv1Fikw==/109951169682871673.jpg
109951173825645527.jpg	https://p2.music.126.net/B8XyAbneWgxRcD95SGMBbA==/109951173825645527.jpg
109951163432573502.jpg	https://p2.music.126.net/AFbJ1KzfXApdFO9owHCEfA==/109951163432573502.jpg
109951163432562414.jpg	https://p2.music.126.net/vSdrZFQn3uMetLL_j3AnQg==/109951163432562414.jpg
109951163350929740.jpg	https://p1.music.126.net/vmCcDvD1H04e9gm97xsCqg==/109951163350929740.jpg
109951168111472442.jpg	https://p1.music.126.net/625-tE8OzdM-rWO37PgqlQ==/109951168111472442.jpg
109951167192618756.jpg	https://p1.music.126.net/wqL7YDxCCaoq0JYNadPlCA==/109951167192618756.jpg
19061133579343591.jpg	https://p1.music.126.net/XDncptlBJ4_LN3hLBx-8aw==/19061133579343591.jpg
108851651165850.jpg	https://p1.music.126.net/W1kczDCB4-r-uNAznD1ljg==/108851651165850.jpg
109951163351825356.jpg	https://p1.music.126.net/eBF7bHnJYBUfOFrJ_7SUfw==/109951163351825356.jpg
109951173007905115.jpg	https://p1.music.126.net/8P1W00PwAVwLD_d-7vvxZw==/109951173007905115.jpg
109951172325726004.jpg	https://p1.music.126.net/d2lUybfN5elKBbHWwnizNg==/109951172325726004.jpg
109951165164760011.jpg	https://p1.music.126.net/Y_9l-ydJzV693ev8bGo-nA==/109951165164760011.jpg
109951171415593434.jpg	https://p1.music.126.net/kSyujmjRn_9adgb4Wg5R-g==/109951171415593434.jpg
29686813955450.jpg	https://p1.music.126.net/ixIs5kkukgNYMmeDsc35_g==/29686813955450.jpg
109951163117902077.jpg	https://p1.music.126.net/mW53BkMgGy37I7yVrUg-aQ==/109951163117902077.jpg
109951167430264389.jpg	https://p1.music.126.net/PrZEpCYof9sbGKid2Djq6g==/109951167430264389.jpg
109951169280793265.jpg	https://p1.music.126.net/xnU4hzOFNtOGk4pbMRCYIw==/109951169280793265.jpg
109951170169025541.jpg	https://p1.music.126.net/Zo32hORqgy2prGj-OGGxjw==/109951170169025541.jpg
109951168308921434.jpg	https://p1.music.126.net/pcic3NwD7xdvHLvuT5jWWQ==/109951168308921434.jpg
109951164567402626.jpg	https://p1.music.126.net/lmCtt6-3fOPSdA1uwGCY5Q==/109951164567402626.jpg
109951172190059964.jpg	https://p1.music.126.net/awJUvRnQYOjyoUJbzfL-Ig==/109951172190059964.jpg
109951165585701063.jpg	https://p2.music.126.net/5URIeP6GjMFg_hKhGloNTA==/109951165585701063.jpg
109951169169063268.jpg	https://p2.music.126.net/W2mKDaDQegJg0ic0GOd2KQ==/109951169169063268.jpg
109951169829246225.jpg	https://p2.music.126.net/t3ogpTd1bIJpwokhkpBtwQ==/109951169829246225.jpg
3431575794705764.jpg	https://p2.music.126.net/Wcs2dbukFx3TUWkRuxVCpw==/3431575794705764.jpg
109951164499974026.jpg	https://p2.music.126.net/ywVjRpbu9KpcBQh9KJz2HA==/109951164499974026.jpg
109951163755246383.jpg	https://p2.music.126.net/TOkRGd59o3hAOKsnMMmMMA==/109951163755246383.jpg
109951171269232420.jpg	https://p2.music.126.net/fqiX7ZmISM4fHm7v4GrV2Q==/109951171269232420.jpg
109951167040040692.jpg	https://p2.music.126.net/MgH6SepYHboKPr6FR8yg-w==/109951167040040692.jpg
109951168707343730.jpg	https://p2.music.126.net/vu7SHbVlMuszmSuKR2SKAQ==/109951168707343730.jpg
109951168205342389.jpg	https://p2.music.126.net/yoxDYFnoCq_gFmsdwyYkiQ==/109951168205342389.jpg
109951166562828988.jpg	https://p2.music.126.net/e-Uc6W3Kug-HFHJ5nvCUPg==/109951166562828988.jpg
109951163187393370.jpg	https://p2.music.126.net/0uZ_bKtm4E188Uk9LFN1qg==/109951163187393370.jpg
109951165182029540.jpg	https://p2.music.126.net/JzsER44sOReoM6mR8XKnsw==/109951165182029540.jpg
109951170045577565.jpg	https://p2.music.126.net/0bk3Iqe2OZGBH2Iuyx7RzA==/109951170045577565.jpg
109951163606377163.jpg	https://p2.music.126.net/tt8xwK-ASC2iqXNUXYKoDQ==/109951163606377163.jpg
109951163699673355.jpg	https://p2.music.126.net/diGAyEmpymX8G7JcnElncQ==/109951163699673355.jpg
109951164581432409.jpg	https://p2.music.126.net/KTo5oSxH3CPA5PBTeFKDyA==/109951164581432409.jpg
109951165369903131.jpg	https://p2.music.126.net/OAaxmYfsDZNXPk9H_h4pMQ==/109951165369903131.jpg
109951167859171747.jpg	https://p2.music.126.net/5WBF8uSFXhLVjvMOCeqflQ==/109951167859171747.jpg
109951170313536564.jpg	https://p1.music.126.net/2e__sKuIQsTSVVGr5Hk1FA==/109951170313536564.jpg
1364493930777368.jpg	https://p2.music.126.net/kVwk6b8Qdya8oDyGDcyAVA==/1364493930777368.jpg
8896148580676276.jpg	https://p2.music.126.net/u_1EudmF8Swgow6vfgYe1g==/8896148580676276.jpg
18587244069235039.jpg	https://p2.music.126.net/fkqFqMaEt0CzxYS-0NpCog==/18587244069235039.jpg
109951163069323980.jpg	https://p2.music.126.net/3XEICRFzQPrHPUMD0xm1Jw==/109951163069323980.jpg
109951163523944497.jpg	https://p2.music.126.net/tXCIFsVDK6IKcQ9YWxwOEg==/109951163523944497.jpg
109951168919708423.jpg	https://p2.music.126.net/aJWtwvdYRXvKUpAE2C6NoA==/109951168919708423.jpg
17687843556430013.jpg	https://p2.music.126.net/KZ0VfIoFYsxpjz9sTQuLVQ==/17687843556430013.jpg
109951166155142333.jpg	https://p2.music.126.net/lLe5qRI7G9UV1NTEEvLa-g==/109951166155142333.jpg
109951165549820772.jpg	https://p2.music.126.net/1HJILQwc62AfvcXkGgVJHQ==/109951165549820772.jpg
109951166887388958.jpg	https://p2.music.126.net/em2jwX9Z-pz3E9fHtojtvg==/109951166887388958.jpg
109951173219336672.jpg	https://p2.music.126.net/wF25xzePLml5EGUWM2eInw==/109951173219336672.jpg
109951169724216323.jpg	https://p2.music.126.net/Pzxy6py26NgNmhJjYMf2RQ==/109951169724216323.jpg
1904354139400534.jpg	https://p2.music.126.net/hIkqOvTEhIZPm_NfU-Lknw==/1904354139400534.jpg
19157890602644480.jpg	https://p2.music.126.net/ZPnVAoCKS9VbUZkOzrJHDw==/19157890602644480.jpg
2542070884980240.jpg	https://p2.music.126.net/yXyeAl-7m0tqfx4AX7BDSQ==/2542070884980240.jpg
109951171530948990.jpg	https://p2.music.126.net/W6MDlem6_FsymbnxKc_BKQ==/109951171530948990.jpg
18956679974612526.jpg	https://p2.music.126.net/c9G5m3D3GQxqbTt6MqJIgw==/18956679974612526.jpg
109951171301957274.jpg	https://p2.music.126.net/9-PMVvRGgYw4uZYwteDkiQ==/109951171301957274.jpg
109951171836610847.jpg	https://p2.music.126.net/HXfXIIBCk5w96MiY1Wdsqw==/109951171836610847.jpg
109951171529987110.jpg	https://p2.music.126.net/W9imJx0w_JeCGGs43dfjFg==/109951171529987110.jpg
109951171836564936.jpg	https://p2.music.126.net/wECqsELfPFdVNLpW0QWhmA==/109951171836564936.jpg
109951169594708968.jpg	https://p2.music.126.net/kAKoBg1AOVrgvO4WEOywoA==/109951169594708968.jpg
18782957139233959.jpg	https://p2.music.126.net/o_OjL_NZNoeog9fIjBXAyw==/18782957139233959.jpg
18546562139313276.jpg	https://p1.music.126.net/Po0tJTtv4aBaYozWlnojHg==/18546562139313276.jpg
109951171844247587.jpg	https://p1.music.126.net/oSMs7RzJFx0TgWCqRC8XjA==/109951171844247587.jpg
109951171836582062.jpg	https://p1.music.126.net/3mi073axgjg-g-79ObwwEQ==/109951171836582062.jpg
109951172024569374.jpg	https://p1.music.126.net/LI3duoHIZyyLawRJLY51kA==/109951172024569374.jpg
109951167894836691.jpg	https://p1.music.126.net/Pz4sEpA7nsiyIdIrswTx9A==/109951167894836691.jpg
109951163187408030.jpg	https://p1.music.126.net/D_hiKMwrdQlqD36LoKLO2w==/109951163187408030.jpg
109951168558210782.jpg	https://p1.music.126.net/vtnI8JpimWnZSzkXdmIB3w==/109951168558210782.jpg
109951172814148796.jpg	https://p2.music.126.net/m1Jv3k4Yl4kpBv62NPjGHQ==/109951172814148796.jpg
109951171891430447.jpg	https://p2.music.126.net/Gk4t93WwafRZtt9nTS77Iw==/109951171891430447.jpg
109951167964311304.jpg	https://p2.music.126.net/tsAD9ry6lc1NX6BBP3FCXw==/109951167964311304.jpg
109951166347255254.jpg	https://p2.music.126.net/A0yhkDH7ZQ9l2QrjXy6_Dg==/109951166347255254.jpg
5507453743623390.jpg	https://p2.music.126.net/Sk7tW5H8h2Z6K7Y_9mLL4g==/5507453743623390.jpg
109951167192586221.jpg	https://p2.music.126.net/AawkvMuMEOkGgBEU_MuKaQ==/109951167192586221.jpg
109951163437479723.jpg	https://p2.music.126.net/Ae1lh2KSC4qIqVatezv8XA==/109951163437479723.jpg
109951165991970619.jpg	https://p2.music.126.net/6MIwqCNJnOwg3VDddtJm0A==/109951165991970619.jpg
109951169100822659.jpg	https://p2.music.126.net/lsFTexwIBZaIzLI97MxyFA==/109951169100822659.jpg
109951163471012053.jpg	https://p2.music.126.net/JsjUOYJytWLfFsA-RaHLgQ==/109951163471012053.jpg
109951167872427707.jpg	https://p2.music.126.net/-X8B17rkFKi5vP9LBTYnUA==/109951167872427707.jpg
109951167596882130.jpg	https://p2.music.126.net/rNWoK0vpHAW1H9kTFKRVig==/109951167596882130.jpg
109951167302849274.jpg	https://p2.music.126.net/oioz4AI79t_8hd6njGrWqA==/109951167302849274.jpg
109951163077007628.jpg	https://p2.music.126.net/W8QWo1y1lYwaNAX_jw7U9g==/109951163077007628.jpg
109951173845352629.jpg	https://p2.music.126.net/LRQfii4zgT3oWX6INLOFTQ==/109951173845352629.jpg
109951163572864669.jpg	https://p2.music.126.net/CUgGGyE5KHiRsyR43mF3eQ==/109951163572864669.jpg
109951166701647085.jpg	https://p2.music.126.net/dQJQCYgIJUzqcD_b_2PpIA==/109951166701647085.jpg
109951169334020231.jpg	https://p2.music.126.net/NOEA4UU_ORnyy2Q81CI9bQ==/109951169334020231.jpg
109951171331729466.jpg	https://p2.music.126.net/KltEk7MJY1n-gyo1yO2trw==/109951171331729466.jpg
109951165924811590.jpg	https://p2.music.126.net/k-a3PeCvisMJ0C4hwqRGYw==/109951165924811590.jpg
109951166764173392.jpg	https://p2.music.126.net/lKcQUPMOleno8c67GzpKIA==/109951166764173392.jpg
109951163620484193.jpg	https://p2.music.126.net/z8bRRuF8Gx5RvHJHwpKKkQ==/109951163620484193.jpg
18569651881855121.jpg	https://p2.music.126.net/Wr13D68yaaknFmxTD5xnoQ==/18569651881855121.jpg
109951165300702419.jpg	https://p2.music.126.net/dMcDWqZnkWeKd-5BZGHosg==/109951165300702419.jpg
783951790649305.jpg	https://p2.music.126.net/u8iDmaVi29R_M5_8scK77Q==/783951790649305.jpg
109951163454247634.jpg	https://p2.music.126.net/sQQJ9xb079hTpWYSU5nH6Q==/109951163454247634.jpg
109951167713170810.jpg	https://p2.music.126.net/OiwDGuHkmoI5dItkelAepQ==/109951167713170810.jpg
109951163191729177.jpg	https://p1.music.126.net/8TMjdt2YSoNKuhaXETgbJA==/109951163191729177.jpg
109951168609412948.jpg	https://p1.music.126.net/9sTLpi_LneFP_FPcaNgnQQ==/109951168609412948.jpg
109951166879032988.jpg	https://p1.music.126.net/rlq-X1PFB_pjmWpDUMqFVA==/109951166879032988.jpg
18560855790342963.jpg	https://p1.music.126.net/9bIIwES14NfP9yoFVypxVw==/18560855790342963.jpg
109951169563204791.jpg	https://p1.music.126.net/2uNB1vOtLykIIu094zd95w==/109951169563204791.jpg
746568395267478.jpg	https://p1.music.126.net/3RTXCbPRFb-4lCxM_3odcg==/746568395267478.jpg
109951166196883773.jpg	https://p1.music.126.net/c3diooFPO6lJs-7BQCuM6A==/109951166196883773.jpg
109951168226339678.jpg	https://p1.music.126.net/mI38J4BZrEjLJWFW6euRQg==/109951168226339678.jpg
1390882212726917.jpg	https://p1.music.126.net/j_1WAorHk7VIX2jK_DNTag==/1390882212726917.jpg
109951169872913709.jpg	https://p1.music.126.net/WOS8HHKgPVuTo-6KS5SqGQ==/109951169872913709.jpg
109951171748635952.jpg	https://p1.music.126.net/NPeyzpUmXGAzsI6VUQxvrA==/109951171748635952.jpg
109951167497737917.jpg	https://p1.music.126.net/V-cFQ0XWyMJnmYp6_P2iwA==/109951167497737917.jpg
911495139475934.jpg	https://p1.music.126.net/mg_Ni1oPVpkMku2j8SHFGA==/911495139475934.jpg
109951170271191404.jpg	https://p1.music.126.net/cN7ugIWdY2RKGEf9RTUDKQ==/109951170271191404.jpg
109951173366641451.jpg	https://p1.music.126.net/e97RIgPdyoJdQQS6Waw0VQ==/109951173366641451.jpg
109951168763203195.jpg	https://p1.music.126.net/UCTiXpSo1Jk9qdvVYF_f8w==/109951168763203195.jpg
109951167817024864.jpg	https://p1.music.126.net/6-TgBhtH2gK2rA2G582Fpg==/109951167817024864.jpg
109951172100048038.jpg	https://p1.music.126.net/-fJB-P2l-a4A1eWs6WSXQw==/109951172100048038.jpg
109951164721112217.jpg	https://p1.music.126.net/c7pgKGJ-HmV8qjOvF-oe_A==/109951164721112217.jpg
109951163381683537.jpg	https://p1.music.126.net/I4xRY1Nd46fygwWIRY63DA==/109951163381683537.jpg
109951164953536920.jpg	https://p2.music.126.net/zEWK544BId-RUgB-bTPTTQ==/109951164953536920.jpg
1377688083917653.jpg	https://p2.music.126.net/jmeQ5fNh7DyxMAoVszdaHw==/1377688083917653.jpg
109951168972704668.jpg	https://p2.music.126.net/0NnJKyg1IXVGHU1uqc_eLA==/109951168972704668.jpg
109951168694564986.jpg	https://p2.music.126.net/6aqy20VWVRtn1f2jBLPeKQ==/109951168694564986.jpg
109951167295553217.jpg	https://p2.music.126.net/8zcQp5765nHXikiezapHnw==/109951167295553217.jpg
109951165983559757.jpg	https://p2.music.126.net/miyRHpMgSFmbMYW6Q4oogw==/109951165983559757.jpg
109951167091309142.jpg	https://p2.music.126.net/Rhm3ri2G5IUnQdXJuPY7fw==/109951167091309142.jpg
109951168930483402.jpg	https://p2.music.126.net/jpwgibpDAI8b3AxcIv5QMQ==/109951168930483402.jpg
109951168932491340.jpg	https://p2.music.126.net/eyvvwVVKBRJouMuVAwvVwQ==/109951168932491340.jpg
109951168121859537.jpg	https://p1.music.126.net/qQ5e7rM-xY6YWJW9_3tR-w==/109951168121859537.jpg
109951165566218472.jpg	https://p2.music.126.net/ycq_iHwZeYj-jHi6lVb1pw==/109951165566218472.jpg
109951166565081871.jpg	https://p2.music.126.net/zu5IKy8t161tOcTd_xR-uw==/109951166565081871.jpg
109951169136663889.jpg	https://p2.music.126.net/F2rzEvm6uTMRWuhcl6Q5Cw==/109951169136663889.jpg
109951165324860695.jpg	https://p2.music.126.net/-NYPVmEa2h6mm6-RSO572w==/109951165324860695.jpg
18726882045835681.jpg	https://p2.music.126.net/7jJSoIh-0scojR2jJQjYpg==/18726882045835681.jpg
109951165972824110.jpg	https://p2.music.126.net/ehdFiw9oDZr231FPHJf62A==/109951165972824110.jpg
109951168199128839.jpg	https://p2.music.126.net/LoyiRgjGfFUuCMXqEkQOuQ==/109951168199128839.jpg
3427177756044412.jpg	https://p2.music.126.net/zx0EgLRhfOo-q906272T0Q==/3427177756044412.jpg
109951169023366938.jpg	https://p2.music.126.net/C8WtOUxN4NMWFlTV3GmJcg==/109951169023366938.jpg
109951165975863139.jpg	https://p2.music.126.net/5BFeUK2gY7Qsnnp7gm58_Q==/109951165975863139.jpg
109951165982513700.jpg	https://p2.music.126.net/P6XMbCPENqlMsvPDEGIQxg==/109951165982513700.jpg
109951165983599325.jpg	https://p2.music.126.net/LSNp2g4GIUaQBT1yvOq6XQ==/109951165983599325.jpg
109951167461073753.jpg	https://p2.music.126.net/akrK5dCvf8QfxJXPnjmNHA==/109951167461073753.jpg
109951167775914802.jpg	https://p1.music.126.net/jQpVxFxbmvRiX11WLiGejg==/109951167775914802.jpg
18635622580993719.jpg	https://p1.music.126.net/t1ufLGbVHVCj76-7UZdFyA==/18635622580993719.jpg
2539871861609412.jpg	https://p1.music.126.net/OlBzjDbNwho_qiEZnodWUg==/2539871861609412.jpg
109951167280373348.jpg	https://p1.music.126.net/Biww3X_BMWEyGXxbI_Y-hw==/109951167280373348.jpg
109951169034024852.jpg	https://p1.music.126.net/aLWfTV7DElqayxbxO8ULGw==/109951169034024852.jpg
109951169434616914.jpg	https://p1.music.126.net/W9ZGGAsCC-5v9xRKDVU4WQ==/109951169434616914.jpg
109951163215172949.jpg	https://p1.music.126.net/DuqxLMfiec2T18GXn1-yVQ==/109951163215172949.jpg
109951168595761385.jpg	https://p1.music.126.net/1yEWvh0OGQ4LvnwAikvBPA==/109951168595761385.jpg
109951167200318373.jpg	https://p1.music.126.net/zqEjamOSpHiX0DXr3Xxl1g==/109951167200318373.jpg
109951165984095812.jpg	https://p1.music.126.net/V6WyRhakz_hJmpf_gDK1CQ==/109951165984095812.jpg
109951166519120083.jpg	https://p1.music.126.net/mRQX2v6Ha_uhzMsri8GS6Q==/109951166519120083.jpg
109951166749138726.jpg	https://p1.music.126.net/CrH2ybRqrqjAYywauAWVkA==/109951166749138726.jpg
2535473814614183.jpg	https://p1.music.126.net/vKdjFbqJTHofBq7uEYLKRw==/2535473814614183.jpg
109951170289976953.jpg	https://p1.music.126.net/koIamsToq3nev4aQEHYlPg==/109951170289976953.jpg
109951163122960176.jpg	https://p1.music.126.net/btODnq7H8s3-yfB39deA8w==/109951163122960176.jpg
109951163192715016.jpg	https://p1.music.126.net/eMmK_STvo_YIMsRoPU8Hdw==/109951163192715016.jpg
109951166302571359.jpg	https://p1.music.126.net/5tuyB-sufsI9pCtbLcFMCA==/109951166302571359.jpg
109951165965449516.jpg	https://p2.music.126.net/6lHFWpOG9hk-jwhTD9CKJQ==/109951165965449516.jpg
109951172764074356.jpg	https://p2.music.126.net/VNy85j7ofJtkvxiqoDM6KA==/109951172764074356.jpg
109951165967524384.jpg	https://p2.music.126.net/FkNdzTy_2hqq6OIwh068cw==/109951165967524384.jpg
109951167815565396.jpg	https://p2.music.126.net/3ayPqZSNgaBLGpCbfBEzAw==/109951167815565396.jpg
109951164544144407.jpg	https://p2.music.126.net/u9lO9Hg4kQ5Ww7ePnZzSYg==/109951164544144407.jpg
109951167841995912.jpg	https://p2.music.126.net/TywhdCsOv5ul8wGo50FPQg==/109951167841995912.jpg
2425522650894027.jpg	https://p2.music.126.net/Bhag8OWyPHG579UVPLwOeg==/2425522650894027.jpg
109951173383059605.jpg	https://p2.music.126.net/GwcZWW6Uq3oNStP1dd-aXw==/109951173383059605.jpg
6622358534995141.jpg	https://p2.music.126.net/ukp1h6TFDL9mQYLbO8TikA==/6622358534995141.jpg
109951169817866663.jpg	https://p2.music.126.net/D0D1u0iejEYaAiTnQ41Nmg==/109951169817866663.jpg
109951170496839853.jpg	https://p2.music.126.net/9RNRp5dkqfgUu8CLEfEwlQ==/109951170496839853.jpg
18348650045094640.jpg	https://p2.music.126.net/ffWmzD86V-IKPe0D1DNSsA==/18348650045094640.jpg
109951163167208843.jpg	https://p2.music.126.net/GKRzlo68r--pw8LdE96jEg==/109951163167208843.jpg
109951165226594436.jpg	https://p2.music.126.net/LebSRpnlF4CFnaO7lQgVxQ==/109951165226594436.jpg
4410141139021458.jpg	https://p2.music.126.net/h8sYEGd_FPK6xgDAA0K-Ag==/4410141139021458.jpg
109951166630334850.jpg	https://p2.music.126.net/EM1Zwk6-NUUiLIBL0aXltQ==/109951166630334850.jpg
109951165969262879.jpg	https://p2.music.126.net/oCR9_4I0CIM1OcEB1T3YEg==/109951165969262879.jpg
109951165967325272.jpg	https://p2.music.126.net/zUbLfj-zy5IsxfaiMUAsPA==/109951165967325272.jpg
109951163939876598.jpg	https://p2.music.126.net/S7CWRoGROrxIIO6cyqowPg==/109951163939876598.jpg
109951163053555239.jpg	https://p2.music.126.net/BKXA-AzjdsLmGkYuhGaVGg==/109951163053555239.jpg
109951166345379826.jpg	https://p2.music.126.net/6t0-3vwRaqNGaVNOZzQhdQ==/109951166345379826.jpg
109951165708489729.jpg	https://p2.music.126.net/EGRXFPDgIumu_g5QV05h2Q==/109951165708489729.jpg
109951165967520873.jpg	https://p2.music.126.net/FVuK4RpG6jJGjIJJWGvQfA==/109951165967520873.jpg
109951165975670328.jpg	https://p2.music.126.net/kS_jQQYNPswDMNGBO0ZgpA==/109951165975670328.jpg
109951164499108360.jpg	https://p2.music.126.net/DMaSS74is5mbrlWBgn6qLw==/109951164499108360.jpg
109951168110232012.jpg	https://p1.music.126.net/GBjkPuYOKYFaXtEjA6ULqA==/109951168110232012.jpg
109951172658442765.jpg	https://p2.music.126.net/-aAWuK0-91lgZmDGx7V_kA==/109951172658442765.jpg
109951166639576807.jpg	https://p2.music.126.net/t0G-13az8_lEnrDRRntLWA==/109951166639576807.jpg
1771313232352633.jpg	https://p2.music.126.net/zwCzkTvMQS-V-ZCuIH1yHA==/1771313232352633.jpg
109951166652562200.jpg	https://p2.music.126.net/KpOAp9SzO7slSikvJa84mA==/109951166652562200.jpg
109951167817179776.jpg	https://p2.music.126.net/nLSxXPBJ26NQghQOKzw8KA==/109951167817179776.jpg
109951168747690471.jpg	https://p1.music.126.net/BQ3qfaeyHC0cDXQRzcSyOQ==/109951168747690471.jpg
109951169009496980.jpg	https://p2.music.126.net/ehx5edsHvWsiaTxm9LVgQw==/109951169009496980.jpg
109951168900606192.jpg	https://p2.music.126.net/lqF5-HDkogZfAo2Z2kfngQ==/109951168900606192.jpg
109951170052324935.jpg	https://p1.music.126.net/t47xJ6AwOv9qOQ51PZoiPw==/109951170052324935.jpg
109951168689184037.jpg	https://p1.music.126.net/90kpGRcQ_dRXzauhIt_KYw==/109951168689184037.jpg
109951169264112902.jpg	https://p1.music.126.net/7WKT_UmURQ5fz6vz-IZ3xg==/109951169264112902.jpg
18425615858527510.jpg	https://p1.music.126.net/zUp6BqKPn1lmZINHsVDoew==/18425615858527510.jpg
109951166605470984.jpg	https://p1.music.126.net/8974g9y7cSc7JBgFQ1WP2Q==/109951166605470984.jpg
109951165972029591.jpg	https://p1.music.126.net/XUHjsGtSC63UTiKEWbtvmQ==/109951165972029591.jpg
843325418548927.jpg	https://p1.music.126.net/CCIs0yqeXORmklBm_FoGqQ==/843325418548927.jpg
109951165995001779.jpg	https://p1.music.126.net/8MozDKPD7hkyGPvZeJEZ5A==/109951165995001779.jpg
18735678139081268.jpg	https://p1.music.126.net/qXir3K3B-53KfLCYdkMB6Q==/18735678139081268.jpg
109951164162885535.jpg	https://p1.music.126.net/eSrLKe5g3U8jX-lb629q6A==/109951164162885535.jpg
109951173497110270.jpg	https://p1.music.126.net/w0pfCZcEqVpu3Bs9UqS1Qw==/109951173497110270.jpg
109951166367895646.jpg	https://p1.music.126.net/C-OacRqh41bAq-75Y4DDkg==/109951166367895646.jpg
109951171770409475.jpg	https://p1.music.126.net/ZBOImauBJnubAysIexVvhA==/109951171770409475.jpg
109951169391591138.jpg	https://p1.music.126.net/j3W6EWI0r0MpOfK1L-X4Ww==/109951169391591138.jpg
109951165982469757.jpg	https://p1.music.126.net/O2dB0EmvWJslGt1YzHFH2g==/109951165982469757.jpg
109951166050151637.jpg	https://p1.music.126.net/dR3fQJlvq8aeK8Ty7F4WzA==/109951166050151637.jpg
759762534800468.jpg	https://p1.music.126.net/Mac0wDTvq5_EJI7vDibOWQ==/759762534800468.jpg
109951167487398037.jpg	https://p1.music.126.net/wfSNLAiKlvSQs1Yx1v7moA==/109951167487398037.jpg
109951164075256101.jpg	https://p1.music.126.net/ztY2rjgyu-zwp-OlqJVsYw==/109951164075256101.jpg
109951173114580801.jpg	https://p1.music.126.net/ZDpuP4YR8Sz9-FPOecAdWg==/109951173114580801.jpg
109951169008316205.jpg	https://p1.music.126.net/dPe9_cG1_Baxnx11MWLK3w==/109951169008316205.jpg
109951165969533755.jpg	https://p1.music.126.net/h97UzOq8a9YzuwjKxZxZOQ==/109951165969533755.jpg
109951165968719290.jpg	https://p1.music.126.net/BN6G1XpDbnRBDABPhdShpQ==/109951165968719290.jpg
1391981732024962.jpg	https://p1.music.126.net/82rRBYyqOSEbneKr4cJAjQ==/1391981732024962.jpg
109951166110737836.jpg	https://p1.music.126.net/WYb4DStFJ9oEcqzpb5Ru0w==/109951166110737836.jpg
109951165835207944.jpg	https://p2.music.126.net/_d1i74E6x-zTTnEmdVjEwA==/109951165835207944.jpg
109951163220488465.jpg	https://p1.music.126.net/Xdf5v8wok7m4Akn6avrUvQ==/109951163220488465.jpg
109951166232338422.jpg	https://p1.music.126.net/O0rmDv7U7uhLpyPs7YPp-w==/109951166232338422.jpg
109951166364187589.jpg	https://p1.music.126.net/mhTe9nFf39s4_ofTMG2bQg==/109951166364187589.jpg
109951166300257339.jpg	https://p1.music.126.net/KfuJ8sh370u5w8joFCoKOw==/109951166300257339.jpg
109951168544414132.jpg	https://p1.music.126.net/AJoQeNaVBizZcRQ706DD1w==/109951168544414132.jpg
109951169338596465.jpg	https://p1.music.126.net/KGnEbU8k5ujkWn3JSFA6BQ==/109951169338596465.jpg
109951169039499451.jpg	https://p1.music.126.net/WpVSwHoePKqZnORWpxbWeQ==/109951169039499451.jpg
109951171960925193.jpg	https://p1.music.126.net/Sit0Pt76CzwbU-79FIrmwQ==/109951171960925193.jpg
109951165973312283.jpg	https://p2.music.126.net/zmDE8IMf0QKDLVQc1xh4RA==/109951165973312283.jpg
109951170007399086.jpg	https://p2.music.126.net/mfCn_iz-yt82-UO5fzwXUg==/109951170007399086.jpg
109951170007381434.jpg	https://p2.music.126.net/TWsOQM-prOlWSOPSf9Q6xw==/109951170007381434.jpg
109951165986777646.jpg	https://p2.music.126.net/T2vjSPaRZxFGIC2HOXElkQ==/109951165986777646.jpg
109951165976856263.jpg	https://p2.music.126.net/OEZ0FzlPU-GPUjqHgCRqjA==/109951165976856263.jpg
109951163781387914.jpg	https://p2.music.126.net/STA8799YXcXzfZJsw11S9Q==/109951163781387914.jpg
109951165997274647.jpg	https://p2.music.126.net/ui0ifntGEfvpnE_CkspjNA==/109951165997274647.jpg
18880813672421154.jpg	https://p2.music.126.net/ibW9gvBVXmu04d_DSHp3Ig==/18880813672421154.jpg
109951173628349420.jpg	https://p2.music.126.net/Dvum_S3zEQHeeaMZVgqIeA==/109951173628349420.jpg
109951169026653354.jpg	https://p2.music.126.net/KqTFZpr-ze931_sDfLBk3Q==/109951169026653354.jpg
109951168910224159.jpg	https://p2.music.126.net/QnOEdLUSTsrzs7janOTdIw==/109951168910224159.jpg
109951169490378888.jpg	https://p2.music.126.net/lN4s9SttesJ_NYS9lu0ZTw==/109951169490378888.jpg
109951167437895857.jpg	https://p1.music.126.net/-81PBEmpMXdGlx6SJoUDVg==/109951167437895857.jpg
109951173691743917.jpg	https://p2.music.126.net/6y1HjgK7Emg3MjsC5IoRoQ==/109951173691743917.jpg
109951165370121751.jpg	https://p2.music.126.net/N-bKreSjAKtuY7bHm5hwzw==/109951165370121751.jpg
109951168231543153.jpg	https://p2.music.126.net/0jQ3JrVAmoPcsjDgYEJEFw==/109951168231543153.jpg
109951169044864799.jpg	https://p2.music.126.net/hAmzCfJ8H9dlTk2Nfg4L4g==/109951169044864799.jpg
109951169044863787.jpg	https://p2.music.126.net/AJP6zkoNdMNqJxEpP5r_vQ==/109951169044863787.jpg
109951169044867703.jpg	https://p2.music.126.net/Td9IvsnRFD6PGmQbR0dORA==/109951169044867703.jpg
109951168178695711.jpg	https://p2.music.126.net/lKhXKmONQahzGsRdhoDR7w==/109951168178695711.jpg
109951163054654501.jpg	https://p2.music.126.net/fdh0myRe6FD87QNJtvGe_A==/109951163054654501.jpg
109951165966017583.jpg	https://p2.music.126.net/iKdSxdfgL6tHZ7HVD0H-gQ==/109951165966017583.jpg
7878000813226177.jpg	https://p2.music.126.net/V3KDJW84-_zl56HgA6Ycjg==/7878000813226177.jpg
109951165991701088.jpg	https://p1.music.126.net/RNl__JslenVhRoOvGmdZAg==/109951165991701088.jpg
109951168663581864.jpg	https://p2.music.126.net/GuP1K0O5tIjzzT6ksWqRlQ==/109951168663581864.jpg
2536573326765583.jpg	https://p2.music.126.net/4BTe96FPQ_kW1pmNnlNvHg==/2536573326765583.jpg
1698745464926789.jpg	https://p1.music.126.net/LpNeJdD3VtiThH5uIi62Hg==/1698745464926789.jpg
5896680860106448.jpg	https://p1.music.126.net/_3YCwTf4yAB-pMP7j70sUg==/5896680860106448.jpg
672901116242515.jpg	https://p2.music.126.net/tFn1ZetdVcurWjbq8fxRyA==/672901116242515.jpg
109951168111022131.jpg	https://p2.music.126.net/uwQ8F3guXXUdYdpADk-hZQ==/109951168111022131.jpg
109951169536824308.jpg	https://p2.music.126.net/ge7xGc-hi68c5T6CHGM_Hw==/109951169536824308.jpg
109951163371292061.jpg	https://p2.music.126.net/Zi6fKsS9k_Tyy8knE82spg==/109951163371292061.jpg
109951173054098239.jpg	https://p2.music.126.net/VmzUHugXZBOPR49GVth30Q==/109951173054098239.jpg
109951163219130849.jpg	https://p2.music.126.net/_WUjq86Db9pfhpwaYeoLqQ==/109951163219130849.jpg
2135251581170994.jpg	https://p2.music.126.net/gZdwUZdIF_jF_DHQ1HjVXQ==/2135251581170994.jpg
109951167495483327.jpg	https://p2.music.126.net/9LmOOypHwsmFSescMxV8Rw==/109951167495483327.jpg
109951170309265717.jpg	https://p2.music.126.net/kY-sJXtissQ_7MfD5daEZw==/109951170309265717.jpg
109951168146238319.jpg	https://p1.music.126.net/4T6A1mYknB2uBcSzbO0tBg==/109951168146238319.jpg
109951171730851920.jpg	https://p1.music.126.net/AtW66W_dTcY3vHCUqEOUng==/109951171730851920.jpg
109951165981772293.jpg	https://p1.music.126.net/FBTWTOCJqIzwGkFyvfLAIw==/109951165981772293.jpg
5984641790343690.jpg	https://p1.music.126.net/JyPsd_g00M-4mqXLLtHncw==/5984641790343690.jpg
109951167389372164.jpg	https://p1.music.126.net/NAT_u_xqHJDeZeiyDls1lQ==/109951167389372164.jpg
109951170224172363.jpg	https://p1.music.126.net/JUba1HhkeerfSguZzyR1Mg==/109951170224172363.jpg
109951167874368423.jpg	https://p1.music.126.net/GNlgMW2nvOA5flwMLUV5vg==/109951167874368423.jpg
109951167834178761.jpg	https://p1.music.126.net/XAmYUhjbG3pIqNnzziN1cw==/109951167834178761.jpg
109951166151204092.jpg	https://p2.music.126.net/99_i681E6ZE74t_xue6PUA==/109951166151204092.jpg
109951166433750815.jpg	https://p1.music.126.net/tgjzI_Vo5qOruqon6WN-WA==/109951166433750815.jpg
109951165968796628.jpg	https://p1.music.126.net/lvXLtnC5MhwmrvDcJnYvBQ==/109951165968796628.jpg
109951173080460906.jpg	https://p1.music.126.net/IAFYNi6MiLN9IaioJVaa8A==/109951173080460906.jpg
109951167587259721.jpg	https://p1.music.126.net/3b9Qtu_aVyGvJiz60M0ACw==/109951167587259721.jpg
109951166150786745.jpg	https://p1.music.126.net/CochMDnIrcWJWirx5OJjYw==/109951166150786745.jpg
109951168981806326.jpg	https://p1.music.126.net/zAF8QaZX6tsJA8I3_fH0Bw==/109951168981806326.jpg
109951169006598917.jpg	https://p1.music.126.net/C9bvV1xvpy0ifNDiezpheA==/109951169006598917.jpg
109951173380403022.jpg	https://p1.music.126.net/m-MhdlXwnV7IwoHGCHU1sg==/109951173380403022.jpg
109951171960924275.jpg	https://p1.music.126.net/UXzplkXmm-e-hX2cGqZx1w==/109951171960924275.jpg
109951170660962550.jpg	https://p1.music.126.net/WVjI32apdn0uQVH19MDBlg==/109951170660962550.jpg
109951171012054073.jpg	https://p1.music.126.net/CrAb6Ryc5osJUM6zuoqxuw==/109951171012054073.jpg
109951169679537837.jpg	https://p1.music.126.net/NZOnDqpyTA45AWL8kGsqxg==/109951169679537837.jpg
109951168250206357.jpg	https://p1.music.126.net/i96rnhcKR67Ype3SAFwXXA==/109951168250206357.jpg
109951163221157827.jpg	https://p1.music.126.net/c5NVKUIAUcyN4BQUDbGnEg==/109951163221157827.jpg
109951163903774663.jpg	https://p1.music.126.net/MKdvb4JqEkqoUbhNx-pPVQ==/109951163903774663.jpg
109951170009341937.jpg	https://p1.music.126.net/ycobchpRFRpUx_oKSoTkPw==/109951170009341937.jpg
109951172129229313.jpg	https://p1.music.126.net/TbYP9EyOrK7qHg_TgJyKQg==/109951172129229313.jpg
109951168981824640.jpg	https://p1.music.126.net/7mQyb-YnNd6CqCjQq4ryjQ==/109951168981824640.jpg
109951170439340644.jpg	https://p1.music.126.net/xXy5ELUOlmqQuzA9PdJSpQ==/109951170439340644.jpg
831230790642200.jpg	https://p1.music.126.net/SZ9qKspzceo1XrvxUi5mSw==/831230790642200.jpg
109951165975353611.jpg	https://p1.music.126.net/iKd2B81OkywjOj0dn_amLw==/109951165975353611.jpg
109951170517214706.jpg	https://p1.music.126.net/TJf6QafYPoDm9jZOR444dg==/109951170517214706.jpg
3222668584137511.jpg	https://p1.music.126.net/zhb4NhgP262N24X7RmQBGg==/3222668584137511.jpg
3394192437682072.jpg	https://p1.music.126.net/OC3XXrblVQPgXrkZyLaPow==/3394192437682072.jpg
109951163219132651.jpg	https://p1.music.126.net/Pq91YbQmb6IYujgpJw8WFg==/109951163219132651.jpg
109951171891446591.jpg	https://p1.music.126.net/blUtlEMXGvByj_SAWVqc7g==/109951171891446591.jpg
109951166155165682.jpg	https://p1.music.126.net/e5cvcdgeosDKTDrkTfZXnQ==/109951166155165682.jpg
109951167909361041.jpg	https://p1.music.126.net/rEzKowD4dyn7m8GMvcersA==/109951167909361041.jpg
2535473813685128.jpg	https://p1.music.126.net/6mQbFNWxHHIUPmfZs7hwcg==/2535473813685128.jpg
19175482788569403.jpg	https://p1.music.126.net/RkbAVgGxk1Nr5fjuaR9dww==/19175482788569403.jpg
109951167748792218.jpg	https://p1.music.126.net/JqghELpdiaHyPB1I2hr7hg==/109951167748792218.jpg
1749322999805209.jpg	https://p1.music.126.net/RnAXhfMkmqIvTw1kMd_dzQ==/1749322999805209.jpg
109951163251461103.jpg	https://p2.music.126.net/JlRfDca09E6kvp5Q_vcuZQ==/109951163251461103.jpg
109951167815599264.jpg	https://p2.music.126.net/n6BatGZdnRaEnIC0h7kVOg==/109951167815599264.jpg
109951167280335904.jpg	https://p2.music.126.net/7tMKza9QbB9xsiQHMmLSKw==/109951167280335904.jpg
109951163587312066.jpg	https://p2.music.126.net/aIDVO5ug7h7i1nzY8-QYiQ==/109951163587312066.jpg
3317226581214544.jpg	https://p2.music.126.net/Jp7FdXa7-_DsVV6yP2q7Eg==/3317226581214544.jpg
109951166231981772.jpg	https://p2.music.126.net/QXNgD0-LNq28UF8DcMZ3kw==/109951166231981772.jpg
109951173480281688.jpg	https://p2.music.126.net/lbgbkMsVvSt_7GmZ9pqRbQ==/109951173480281688.jpg
710284511552973.jpg	https://p2.music.126.net/S3Mkc-lfXPgsuUYxqVd4yQ==/710284511552973.jpg
19122706230546496.jpg	https://p2.music.126.net/9ghCHGbUmlSOTnz3Tlzf_g==/19122706230546496.jpg
109951168805157389.jpg	https://p2.music.126.net/ZAbThPRnV0wVu2er0PIlvA==/109951168805157389.jpg
109951167392215050.jpg	https://p2.music.126.net/txYDgH7H94BRDcJGieQXGA==/109951167392215050.jpg
3400789466535963.jpg	https://p2.music.126.net/6IwszmnkrCUN3Srqp3-ftQ==/3400789466535963.jpg
109951165967445090.jpg	https://p2.music.126.net/XGquPCCQbF3uUmuXeuDFNw==/109951165967445090.jpg
6620159511658054.jpg	https://p2.music.126.net/mbpCWOGZjj7U38fdzHKeRQ==/6620159511658054.jpg
109951173145184379.jpg	https://p2.music.126.net/hZZYMj3r8IQOFM4HAChKRg==/109951173145184379.jpg
109951169217536854.jpg	https://p1.music.126.net/GZERNplXUdzTPkKqo2F4tA==/109951169217536854.jpg
109951173212900455.jpg	https://p2.music.126.net/ocX3UIm4Pq3s49sahwy5Gg==/109951173212900455.jpg
109951173335369445.jpg	https://p2.music.126.net/oO-3pzjUkIq_oDDH0KnaDA==/109951173335369445.jpg
109951171941104745.jpg	https://p2.music.126.net/5h79hqmd09tFQV9DekbkAQ==/109951171941104745.jpg
3263350514797284.jpg	https://p2.music.126.net/vrJzlA1RIiwaPHlXzZy90g==/3263350514797284.jpg
6006632023186889.jpg	https://p2.music.126.net/Oa-trEg88Vc8ZMXqGbrvpA==/6006632023186889.jpg
109951165968631390.jpg	https://p2.music.126.net/xbhqfih88eVMAIItjBC81Q==/109951165968631390.jpg
109951163220494718.jpg	https://p2.music.126.net/ut17ZxwN2oZRUwS-jY83sw==/109951163220494718.jpg
109951172132026646.jpg	https://p2.music.126.net/ZNE4W-o30KXU-LyceQ-vyg==/109951172132026646.jpg
2495891395114271.jpg	https://p2.music.126.net/NyN6he8m4t4F_yjOR_Tlww==/2495891395114271.jpg
109951168981826181.jpg	https://p2.music.126.net/KzS-L5aelom53b8Ahn5dGw==/109951168981826181.jpg
109951168981902999.jpg	https://p2.music.126.net/fqY9QQUd3DbiFb6zPhAOsA==/109951168981902999.jpg
109951168981890417.jpg	https://p2.music.126.net/GgFkzR6_T5jW2msFLU7rKg==/109951168981890417.jpg
109951169407176829.jpg	https://p1.music.126.net/LWwUPfPdsKgFss-QMGvnxw==/109951169407176829.jpg
6647647303036966.jpg	https://p2.music.126.net/f4HkWKq-NrCTlnrZWP4cpQ==/6647647303036966.jpg
109951165970627773.jpg	https://p2.music.126.net/uUno1Es_L2ObVgPyfDTcQQ==/109951165970627773.jpg
2531075767177958.jpg	https://p1.music.126.net/G0Cc5uhuyQ31nRb9GJuFnw==/2531075767177958.jpg
109951166715465943.jpg	https://p1.music.126.net/AuE9HT1fBoRvT23II8Brzw==/109951166715465943.jpg
18880813672259939.jpg	https://p1.music.126.net/XElJy-5P4gm4cKOYD2CjJA==/18880813672259939.jpg
109951169270236134.jpg	https://p1.music.126.net/WS5zt4tq5KBONXcAktO2lA==/109951169270236134.jpg
109951169270228460.jpg	https://p1.music.126.net/OCMiVBuHoztkuvzWtCCbsQ==/109951169270228460.jpg
18771962022688349.jpg	https://p2.music.126.net/3KDqQ9XW2Khj5Ia4tRqAAw==/18771962022688349.jpg
109951164260234943.jpg	https://p2.music.126.net/6CB6Jsmb7k7qiJqfMY5Row==/109951164260234943.jpg
109951169413830172.jpg	https://p2.music.126.net/GsSmyY1r1CT7DEG3umRYWw==/109951169413830172.jpg