proj-410846246	https://p1.music.126.net/zAF8QaZX6tsJA8I3_fH0Bw==/109951168981806326.jpg
proj-5093684	https://p1.music.126.net/G0Cc5uhuyQ31nRb9GJuFnw==/2531075767177958.jpg
proj-17112299	https://p1.music.126.net/CochMDnIrcWJWirx5OJjYw==/109951166150786745.jpg
proj-2065100107	https://p1.music.126.net/BQ3qfaeyHC0cDXQRzcSyOQ==/109951168747690471.jpg
proj-451703096	https://p1.music.126.net/ZAbThPRnV0wVu2er0PIlvA==/109951168805157389.jpg
proj-1948620191	https://p1.music.126.net/-81PBEmpMXdGlx6SJoUDVg==/109951167437895857.jpg
proj-1805283634	https://p1.music.126.net/aFNHdy9VdGEKo5_fr4pLNg==/109951168144657877.jpg
proj-28756834	https://p1.music.126.net/Oa-trEg88Vc8ZMXqGbrvpA==/6006632023186889.jpg
proj-17753288	https://p1.music.126.net/iKdSxdfgL6tHZ7HVD0H-gQ==/109951165966017583.jpg
proj-1964236604	https://p1.music.126.net/UXzplkXmm-e-hX2cGqZx1w==/109951171960924275.jpg
proj-29747526	https://p1.music.126.net/oO-3pzjUkIq_oDDH0KnaDA==/109951173335369445.jpg
proj-473602620	https://p1.music.126.net/XElJy-5P4gm4cKOYD2CjJA==/18880813672259939.jpg
proj-1859245776	https://p1.music.126.net/e5cvcdgeosDKTDrkTfZXnQ==/109951166155165682.jpg
proj-18638057	https://p1.music.126.net/S3Mkc-lfXPgsuUYxqVd4yQ==/710284511552973.jpg
proj-36496695	https://p1.music.126.net/blUtlEMXGvByj_SAWVqc7g==/109951171891446591.jpg
proj-2617944302	https://p1.music.126.net/ycobchpRFRpUx_oKSoTkPw==/109951170009341937.jpg
proj-21038723	https://p1.music.126.net/C9bvV1xvpy0ifNDiezpheA==/109951169006598917.jpg
proj-2871217	https://p1.music.126.net/QXNgD0-LNq28UF8DcMZ3kw==/109951166231981772.jpg
proj-27566922	https://p1.music.126.net/Jp7FdXa7-_DsVV6yP2q7Eg==/3317226581214544.jpg
proj-22441762	https://p1.music.126.net/ocX3UIm4Pq3s49sahwy5Gg==/109951173212900455.jpg
proj-473817398	https://p1.music.126.net/RNl__JslenVhRoOvGmdZAg==/109951165991701088.jpg
proj-509728806	https://p1.music.126.net/RNl__JslenVhRoOvGmdZAg==/109951165991701088.jpg
proj-34072434	https://p1.music.126.net/LWwUPfPdsKgFss-QMGvnxw==/109951169407176829.jpg
proj-401249910	https://p1.music.126.net/LWwUPfPdsKgFss-QMGvnxw==/109951169407176829.jpg
proj-28987626	https://p1.music.126.net/SH47ib5QQIACSMzq7vNpjw==/109951167996715604.jpg
proj-28661564	https://p1.music.126.net/OC3XXrblVQPgXrkZyLaPow==/3394192437682072.jpg
proj-21253966	https://p1.music.126.net/Pq91YbQmb6IYujgpJw8WFg==/109951163219132651.jpg
proj-21253806	https://p1.music.126.net/zhb4NhgP262N24X7RmQBGg==/3222668584137511.jpg
proj-4172700	https://p2.music.126.net/6mQbFNWxHHIUPmfZs7hwcg==/2535473813685128.jpg
proj-29019227	https://p2.music.126.net/RkbAVgGxk1Nr5fjuaR9dww==/19175482788569403.jpg
proj-19292804	https://p2.music.126.net/WS5zt4tq5KBONXcAktO2lA==/109951169270236134.jpg
proj-29572505	https://p2.music.126.net/3KDqQ9XW2Khj5Ia4tRqAAw==/18771962022688349.jpg
proj-1382576173	https://p2.music.126.net/6CB6Jsmb7k7qiJqfMY5Row==/109951164260234943.jpg
proj-25648017	https://p2.music.126.net/QtHTu9JysVWTat30lFrXTA==/109951163208497947.jpg
proj-1382778514	https://p2.music.126.net/6CB6Jsmb7k7qiJqfMY5Row==/109951164260234943.jpg
proj-29498911	https://p2.music.126.net/3KDqQ9XW2Khj5Ia4tRqAAw==/18771962022688349.jpg
proj-28953033	https://p2.music.126.net/yGjQrAKIGlO--FJZ5jdOOg==/109951163071997318.jpg
proj-29572502	https://p2.music.126.net/3KDqQ9XW2Khj5Ia4tRqAAw==/18771962022688349.jpg
proj-1382781100	https://p2.music.126.net/6CB6Jsmb7k7qiJqfMY5Row==/109951164260234943.jpg
proj-25787222	https://p2.music.126.net/OCMiVBuHoztkuvzWtCCbsQ==/109951169270228460.jpg
proj-29572506	https://p2.music.126.net/3KDqQ9XW2Khj5Ia4tRqAAw==/18771962022688349.jpg
proj-29572501	https://p2.music.126.net/3KDqQ9XW2Khj5Ia4tRqAAw==/18771962022688349.jpg
proj-1990192694	https://p2.music.126.net/lKhXKmONQahzGsRdhoDR7w==/109951168178695711.jpg
proj-1990192725	https://p2.music.126.net/lKhXKmONQahzGsRdhoDR7w==/109951168178695711.jpg
proj-516818336	https://p2.music.126.net/fdh0myRe6FD87QNJtvGe_A==/109951163054654501.jpg
proj-1990192689	https://p2.music.126.net/lKhXKmONQahzGsRdhoDR7w==/109951168178695711.jpg
proj-1400110511	https://p2.music.126.net/Td9IvsnRFD6PGmQbR0dORA==/109951169044867703.jpg
proj-1433934518	https://p2.music.126.net/AJP6zkoNdMNqJxEpP5r_vQ==/109951169044863787.jpg
proj-1418953604	https://p1.music.126.net/hAmzCfJ8H9dlTk2Nfg4L4g==/109951169044864799.jpg
proj-2014200813	https://p1.music.126.net/0jQ3JrVAmoPcsjDgYEJEFw==/109951168231543153.jpg
proj-1406633327	https://p1.music.126.net/N-bKreSjAKtuY7bHm5hwzw==/109951165370121751.jpg
proj-1432456852	https://p1.music.126.net/6y1HjgK7Emg3MjsC5IoRoQ==/109951173691743917.jpg
proj-1404228064	https://p1.music.126.net/u9lO9Hg4kQ5Ww7ePnZzSYg==/109951164544144407.jpg
proj-1407951508	https://p1.music.126.net/u9lO9Hg4kQ5Ww7ePnZzSYg==/109951164544144407.jpg
proj-1948618489	https://p1.music.126.net/-81PBEmpMXdGlx6SJoUDVg==/109951167437895857.jpg
proj-2144901835	https://p1.music.126.net/lN4s9SttesJ_NYS9lu0ZTw==/109951169490378888.jpg
proj-2080218767	https://p1.music.126.net/QnOEdLUSTsrzs7janOTdIw==/109951168910224159.jpg
proj-1846473650	https://p1.music.126.net/KqTFZpr-ze931_sDfLBk3Q==/109951169026653354.jpg
proj-1958557540	https://p1.music.126.net/Dvum_S3zEQHeeaMZVgqIeA==/109951173628349420.jpg
proj-27698223	https://p1.music.126.net/ibW9gvBVXmu04d_DSHp3Ig==/18880813672421154.jpg
proj-28306668	https://p1.music.126.net/ui0ifntGEfvpnE_CkspjNA==/109951165997274647.jpg
proj-39224884	https://p1.music.126.net/zmDE8IMf0QKDLVQc1xh4RA==/109951165973312283.jpg
proj-36990266	https://p1.music.126.net/OEZ0FzlPU-GPUjqHgCRqjA==/109951165976856263.jpg
proj-1338098071	https://p1.music.126.net/STA8799YXcXzfZJsw11S9Q==/109951163781387914.jpg
proj-1374329431	https://p1.music.126.net/T2vjSPaRZxFGIC2HOXElkQ==/109951165986777646.jpg
proj-479223413	https://p1.music.126.net/TWsOQM-prOlWSOPSf9Q6xw==/109951170007381434.jpg
proj-564000295	https://p1.music.126.net/mfCn_iz-yt82-UO5fzwXUg==/109951170007399086.jpg
proj-400876320	https://p1.music.126.net/zmDE8IMf0QKDLVQc1xh4RA==/109951165973312283.jpg
proj-2031003572	https://p1.music.126.net/Sit0Pt76CzwbU-79FIrmwQ==/109951171960925193.jpg
proj-2097627772	https://p2.music.126.net/WpVSwHoePKqZnORWpxbWeQ==/109951169039499451.jpg
proj-2126654120	https://p2.music.126.net/KGnEbU8k5ujkWn3JSFA6BQ==/109951169338596465.jpg
proj-28692519	https://p2.music.126.net/AJoQeNaVBizZcRQ706DD1w==/109951168544414132.jpg
proj-1855475139	https://p2.music.126.net/KfuJ8sh370u5w8joFCoKOw==/109951166300257339.jpg
proj-1876212794	https://p2.music.126.net/mhTe9nFf39s4_ofTMG2bQg==/109951166364187589.jpg
proj-441120471	https://p2.music.126.net/O0rmDv7U7uhLpyPs7YPp-w==/109951166232338422.jpg
proj-433681259	https://p2.music.126.net/O0rmDv7U7uhLpyPs7YPp-w==/109951166232338422.jpg
proj-27514868	https://p2.music.126.net/Xdf5v8wok7m4Akn6avrUvQ==/109951163220488465.jpg
proj-1830422741	https://p2.music.126.net/_d1i74E6x-zTTnEmdVjEwA==/109951165835207944.jpg
proj-36921365	https://p2.music.126.net/WYb4DStFJ9oEcqzpb5Ru0w==/109951166110737836.jpg
proj-415904452	https://p2.music.126.net/82rRBYyqOSEbneKr4cJAjQ==/1391981732024962.jpg
proj-27896574	https://p2.music.126.net/BN6G1XpDbnRBDABPhdShpQ==/109951165968719290.jpg
proj-29719175	https://p2.music.126.net/h97UzOq8a9YzuwjKxZxZOQ==/109951165969533755.jpg
proj-18981962	https://p2.music.126.net/dPe9_cG1_Baxnx11MWLK3w==/109951169008316205.jpg
proj-27731239	https://p2.music.126.net/O0zLf4cgb5zMIw13ccP1-w==/109951163071997284.jpg
proj-1386002735	https://p2.music.126.net/ZDpuP4YR8Sz9-FPOecAdWg==/109951173114580801.jpg
proj-2677295798	https://p2.music.126.net/XjvYK_keXWbFJXmHP4nY1g==/109951170503889688.jpg
proj-21373645	https://p2.music.126.net/wfSNLAiKlvSQs1Yx1v7moA==/109951167487398037.jpg
proj-16434100	https://p2.music.126.net/Mac0wDTvq5_EJI7vDibOWQ==/759762534800468.jpg
proj-2188283	https://p2.music.126.net/dR3fQJlvq8aeK8Ty7F4WzA==/109951166050151637.jpg
proj-504265014	https://p1.music.126.net/O2dB0EmvWJslGt1YzHFH2g==/109951165982469757.jpg
proj-26243686	https://p1.music.126.net/j3W6EWI0r0MpOfK1L-X4Ww==/109951169391591138.jpg
proj-16593589	https://p1.music.126.net/ZBOImauBJnubAysIexVvhA==/109951171770409475.jpg
proj-1306995079	https://p1.music.126.net/8DPYYkdATbrhO-1l3EDcnA==/109951163909496426.jpg
proj-1386693749	https://p1.music.126.net/orNqqIKZw0ka8P-30HlVpw==/109951164323457413.jpg
proj-1832581859	https://p1.music.126.net/9HDJSF5wiFQsFQtJVn1-fQ==/109951168209731217.jpg
proj-458697629	https://p1.music.126.net/qXir3K3B-53KfLCYdkMB6Q==/18735678139081268.jpg
proj-34497413	https://p1.music.126.net/oewJxBfhdsvSYslFGYSLfA==/109951165972560991.jpg
proj-24603573	https://p1.music.126.net/MjJAodYRxXQM1a-Yn7bktQ==/825733232489109.jpg
proj-5253802	https://p2.music.126.net/grGdswi38xUoYcDBISdKcg==/92358976750445.jpg
proj-416903659	https://p2.music.126.net/SHXktngAm4Pw7i0yObBcVw==/18011099974740454.jpg
proj-26377216	https://p1.music.126.net/y4nAL01RJaZ16-qkEX6rqg==/2333163674194267.jpg
proj-1331707956	https://p1.music.126.net/66Jt1L88w0KVoW85Ed95vQ==/109951165970660548.jpg
proj-2117911937	https://p1.music.126.net/7WKT_UmURQ5fz6vz-IZ3xg==/109951169264112902.jpg
proj-2081585861	https://p1.music.126.net/uPBfwghSo5OS4juq1NJJ2Q==/109951168910626928.jpg
proj-2637558926	https://p1.music.126.net/t47xJ6AwOv9qOQ51PZoiPw==/109951170052324935.jpg
proj-2105586334	https://p1.music.126.net/HpYKF992cJkGu2j2z3bqtA==/109951169137311038.jpg
proj-2065100111	https://p1.music.126.net/BQ3qfaeyHC0cDXQRzcSyOQ==/109951168747690471.jpg
proj-2058865535	https://p1.music.126.net/aaGGgaY_7ZeB9fTFznLxYg==/109951168700131574.jpg
proj-25657274	https://p1.music.126.net/ut17ZxwN2oZRUwS-jY83sw==/109951163220494718.jpg
proj-2411634	https://p1.music.126.net/3b9Qtu_aVyGvJiz60M0ACw==/109951167587259721.jpg
proj-29966565	https://p2.music.126.net/f4HkWKq-NrCTlnrZWP4cpQ==/6647647303036966.jpg
proj-27556211	https://p2.music.126.net/xbhqfih88eVMAIItjBC81Q==/109951165968631390.jpg
proj-16232697	https://p2.music.126.net/ZNE4W-o30KXU-LyceQ-vyg==/109951172132026646.jpg
proj-1803545978	https://p2.music.126.net/RiXbzDFYdd9R_UIFWPJm8A==/109951167997105906.jpg
proj-460043703	https://p2.music.126.net/99_i681E6ZE74t_xue6PUA==/109951166151204092.jpg
proj-28680438	https://p2.music.126.net/AJoQeNaVBizZcRQ706DD1w==/109951168544414132.jpg
proj-35847388	https://p2.music.126.net/7mQyb-YnNd6CqCjQq4ryjQ==/109951168981824640.jpg
proj-36841427	https://p2.music.126.net/GBjkPuYOKYFaXtEjA6ULqA==/109951168110232012.jpg
proj-16435049	https://p2.music.126.net/fqY9QQUd3DbiFb6zPhAOsA==/109951168981902999.jpg
proj-402073823	https://p2.music.126.net/KzS-L5aelom53b8Ahn5dGw==/109951168981826181.jpg
proj-25657236	https://p2.music.126.net/KpOAp9SzO7slSikvJa84mA==/109951166652562200.jpg
proj-25657241	https://p2.music.126.net/zwCzkTvMQS-V-ZCuIH1yHA==/1771313232352633.jpg
proj-1887190390	https://p2.music.126.net/t0G-13az8_lEnrDRRntLWA==/109951166639576807.jpg
proj-2117009	https://p2.music.126.net/-aAWuK0-91lgZmDGx7V_kA==/109951172658442765.jpg
proj-36841428	https://p2.music.126.net/GBjkPuYOKYFaXtEjA6ULqA==/109951168110232012.jpg
proj-1404805139	https://p2.music.126.net/DMaSS74is5mbrlWBgn6qLw==/109951164499108360.jpg
proj-429528027	https://p2.music.126.net/kS_jQQYNPswDMNGBO0ZgpA==/109951165975670328.jpg
proj-25706371	https://p2.music.126.net/FVuK4RpG6jJGjIJJWGvQfA==/109951165967520873.jpg
proj-18161816	https://p2.music.126.net/EGRXFPDgIumu_g5QV05h2Q==/109951165708489729.jpg
proj-28586064	https://p2.music.126.net/6t0-3vwRaqNGaVNOZzQhdQ==/109951166345379826.jpg
proj-504492140	https://p2.music.126.net/BKXA-AzjdsLmGkYuhGaVGg==/109951163053555239.jpg
proj-1350601781	https://p2.music.126.net/S7CWRoGROrxIIO6cyqowPg==/109951163939876598.jpg
proj-16435064	https://p2.music.126.net/zUbLfj-zy5IsxfaiMUAsPA==/109951165967325272.jpg
proj-17081098	https://p2.music.126.net/aiR5xcoima6JfNXVpd6r4A==/109951168212894447.jpg
proj-28208046	https://p2.music.126.net/oCR9_4I0CIM1OcEB1T3YEg==/109951165969262879.jpg
proj-28531849	https://p2.music.126.net/EM1Zwk6-NUUiLIBL0aXltQ==/109951166630334850.jpg
proj-26608879	https://p2.music.126.net/h8sYEGd_FPK6xgDAA0K-Ag==/4410141139021458.jpg
proj-1470274244	https://p2.music.126.net/LebSRpnlF4CFnaO7lQgVxQ==/109951165226594436.jpg
proj-26867112	https://p2.music.126.net/kGJN1cr44Nq2efUQwk_u6g==/109951164034044287.jpg
proj-1374446646	https://p2.music.126.net/9RNRp5dkqfgUu8CLEfEwlQ==/109951170496839853.jpg
proj-21568021	https://p2.music.126.net/lxbQbkmR8f3xSib8UFWlIQ==/109951170708384669.jpg
proj-1313096578	https://p2.music.126.net/D0D1u0iejEYaAiTnQ41Nmg==/109951169817866663.jpg
proj-529569189	https://p2.music.126.net/wpbVxuq60pIFiQqNntfcGw==/109951163104642328.jpg
proj-18548880	https://p2.music.126.net/GEsZYDMKw7MRq8IFfFmd6Q==/109951170938411673.jpg
proj-2691123316	https://p2.music.126.net/3N8ypamEjxCG-XC424m1Vg==/109951170686693997.jpg
proj-5159010	https://p2.music.126.net/Bhag8OWyPHG579UVPLwOeg==/2425522650894027.jpg
proj-27412429	https://p2.music.126.net/60VivMAelVmnbZjxYWalpw==/6628955604982607.jpg
proj-1409093519	https://p2.music.126.net/u9lO9Hg4kQ5Ww7ePnZzSYg==/109951164544144407.jpg
proj-1496239563	https://p2.music.126.net/CO1rZQYkUScKcdcQt_thnQ==/109951165477811883.jpg
proj-26330723	https://p2.music.126.net/Keaw15guEXJrMPXXeq7KkQ==/2398034860233084.jpg
proj-27200688	https://p2.music.126.net/qaN8TDAI3wHpPt4kczJBBw==/5644892697118422.jpg
proj-19558690	https://p1.music.126.net/6lHFWpOG9hk-jwhTD9CKJQ==/109951165965449516.jpg
proj-1649082	https://p1.music.126.net/N3qjM1qskbd7Dx_Dynvt1w==/109951169912228684.jpg
proj-29491081	https://p1.music.126.net/wdzgUyUD9byLCEJ0avx_Ow==/6648746813989568.jpg
proj-1295571534	https://p1.music.126.net/QHdQgPwMoVrjpeqLap5mIA==/109951163418887144.jpg
proj-5201829	https://p1.music.126.net/ubDxk0BM93CcD8rtEptK5Q==/1729531790501591.jpg
proj-1811303184	https://p1.music.126.net/_8sVXhA83O0crxu5tZZe_g==/109951165622968609.jpg
proj-21598355	https://p1.music.126.net/2MKGZW0Xl9McFktcVW5puw==/109951165986563791.jpg
proj-27102081	https://p1.music.126.net/lKjcyDh5I_IhibxYDlpOcg==/1250144720817664.jpg
proj-27691870	https://p1.music.126.net/M8e2hwZf-k1xol8kDc2wmg==/3200678348537898.jpg
proj-3986241	https://p1.music.126.net/oohnKqUgkNEsYJHJDcGmZw==/19000660439857160.jpg
proj-5201828	https://p1.music.126.net/ubDxk0BM93CcD8rtEptK5Q==/1729531790501591.jpg
proj-1376949250	https://p1.music.126.net/xKIRffGUvlETkd1OJAfA1Q==/109951164203322748.jpg
proj-5042272	https://p1.music.126.net/Swcf3P0ZPrq_6qX4gmcSmQ==/109951173577869786.jpg
proj-501605	https://p1.music.126.net/gvEoLtCEfdvzsU_yN5Nz5A==/943380976677944.jpg
proj-5058719	https://p1.music.126.net/dEMmmWRM4PqkQWUqGKWw7g==/109951165612819566.jpg
proj-18065802	https://p1.music.126.net/EVJD9DSlGj_hWSTqJfRPNw==/109951167104267321.jpg
proj-17261554	https://p1.music.126.net/4bDOoHlLWq30Uc_Qg21rdQ==/109951164947651750.jpg
proj-560838229	https://p1.music.126.net/YvmOLuyR2EzrR2EspAiXAg==/109951163297241090.jpg
proj-26658200	https://p1.music.126.net/CZrR_rV0-V5Aux5nYxTo_Q==/2093470139310137.jpg
proj-567257658	https://p1.music.126.net/QR9xcxBX2b45I1Q6tgwjvQ==/109951163315145213.jpg
proj-18003388	https://p1.music.126.net/bWN4_SR7SVv2Mxk-3JorXQ==/109951165966096010.jpg
proj-26971703	https://p1.music.126.net/T0P0n1JCfPwWMCT4Mq5vPQ==/1330409069658812.jpg
proj-27600491	https://p1.music.126.net/lTrd_ZEJ4uQjL0xOs8G3ow==/2543170395431823.jpg
proj-21177726	https://p1.music.126.net/ThgTpGxlr6IMl22EhwCPUw==/109951165962423568.jpg
proj-1871081119	https://p1.music.126.net/bsx_aYUvE9d05JoqrJ51rw==/109951171015103743.jpg
proj-1484889	https://p1.music.126.net/9X5nQlD2a4MBGIM5P8dOMw==/109951165995444837.jpg
proj-405337333	https://p1.music.126.net/-ubOhQsI9FbGh53a6AkmmQ==/109951163467318994.jpg
proj-1299217	https://p1.music.126.net/MWoND2lCkUEOVj8AP6_E1Q==/109951166158397822.jpg
proj-3404727	https://p1.music.126.net/9fAI1rq51EPnwaude-SO8Q==/109951170298488733.jpg
proj-16835293	https://p1.music.126.net/w8loUpaCONsboYL7YZqi1A==/18344251998298994.jpg
proj-20707713	https://p1.music.126.net/ffWmzD86V-IKPe0D1DNSsA==/18348650045094640.jpg
proj-4874999	https://p1.music.126.net/bhVggcHY4nhmL1Ve4xxWgQ==/107752139538365.jpg
proj-26957482	https://p1.music.126.net/WitbadResbr81SThys_Law==/1991215557937854.jpg
proj-1842927464	https://p1.music.126.net/4T6A1mYknB2uBcSzbO0tBg==/109951168146238319.jpg
proj-26546088	https://p1.music.126.net/0RI2bnFLXTw2HviwPtD0lw==/109951163265778044.jpg
proj-1826923389	https://p1.music.126.net/kdl7JlJv_cSU9t4SGOQ50A==/109951168222679747.jpg
proj-27713921	https://p1.music.126.net/vKdjFbqJTHofBq7uEYLKRw==/2535473814614183.jpg
proj-28937926	https://p1.music.126.net/etu-pJmcVirYGjU9cG2J6w==/8904944673480538.jpg
proj-411314681	https://p1.music.126.net/iKd2B81OkywjOj0dn_amLw==/109951165975353611.jpg
proj-16963280	https://p1.music.126.net/CrH2ybRqrqjAYywauAWVkA==/109951166749138726.jpg
proj-28306554	https://p1.music.126.net/D-fZZW8ux9VSvwJPfPV2YQ==/109951165969515325.jpg
proj-2152133213	https://p1.music.126.net/FXychVd5_InyGxNPtSFwMg==/109951169556380093.jpg
proj-2122380396	https://p1.music.126.net/_7_Pqnr4N7geL3ADCdwyTg==/109951169298308998.jpg
proj-480426313	https://p2.music.126.net/FBTWTOCJqIzwGkFyvfLAIw==/109951165981772293.jpg
proj-423227295	https://p2.music.126.net/zqEjamOSpHiX0DXr3Xxl1g==/109951167200318373.jpg
proj-456175020	https://p2.music.126.net/1yEWvh0OGQ4LvnwAikvBPA==/109951168595761385.jpg
proj-28786054	https://p2.music.126.net/5N-x3ecEtjuE-gQWdhujwQ==/6006632023218951.jpg
proj-439076364	https://p2.music.126.net/uwQ8F3guXXUdYdpADk-hZQ==/109951168111022131.jpg
proj-17706562	https://p2.music.126.net/c5NVKUIAUcyN4BQUDbGnEg==/109951163221157827.jpg
proj-515269424	https://p1.music.126.net/TbYP9EyOrK7qHg_TgJyKQg==/109951172129229313.jpg
proj-1302290019	https://p1.music.126.net/JxAjN42jo1n9ubwpVixWng==/109951168896151700.jpg
proj-497218032	https://p1.music.126.net/W9ZGGAsCC-5v9xRKDVU4WQ==/109951169434616914.jpg
proj-1297986663	https://p1.music.126.net/mwR5zbb3mE4xN0u0lDD0Cg==/109951170495003003.jpg
proj-423228325	https://p1.music.126.net/NAT_u_xqHJDeZeiyDls1lQ==/109951167389372164.jpg
proj-461347998	https://p1.music.126.net/7tMKza9QbB9xsiQHMmLSKw==/109951167280335904.jpg
proj-402070862	https://p1.music.126.net/aLWfTV7DElqayxbxO8ULGw==/109951169034024852.jpg
proj-453185808	https://p1.music.126.net/Biww3X_BMWEyGXxbI_Y-hw==/109951167280373348.jpg
proj-21562994	https://p1.music.126.net/5h79hqmd09tFQV9DekbkAQ==/109951171941104745.jpg
proj-21562960	https://p2.music.126.net/3y5nD6Sc88nkH7qMQVxWZg==/109951171941127003.jpg
proj-18637990	https://p2.music.126.net/lbgbkMsVvSt_7GmZ9pqRbQ==/109951173480281688.jpg
proj-35847559	https://p2.music.126.net/rEzKowD4dyn7m8GMvcersA==/109951167909361041.jpg
proj-34228719	https://p2.music.126.net/9ghCHGbUmlSOTnz3Tlzf_g==/19122706230546496.jpg
proj-19902364	https://p2.music.126.net/OlBzjDbNwho_qiEZnodWUg==/2539871861609412.jpg
proj-1861580070	https://p2.music.126.net/YgvH-mKKHBP15ffnMtfbdQ==/109951168226165539.jpg
proj-531051690	https://p2.music.126.net/jQpVxFxbmvRiX11WLiGejg==/109951167775914802.jpg
proj-19196451	https://p2.music.126.net/kSKXJyHpZGuIZpxesZHDqQ==/109951166136786340.jpg
proj-1319396100	https://p2.music.126.net/gt6RZpZUtUDsHsr3lRTPVw==/109951169008357055.jpg
proj-444269135	https://p2.music.126.net/akrK5dCvf8QfxJXPnjmNHA==/109951167461073753.jpg
proj-2011072415	https://p2.music.126.net/LoyiRgjGfFUuCMXqEkQOuQ==/109951168199128839.jpg
proj-1398324033	https://p2.music.126.net/pptOgL17ijFS0kES_7wXwg==/109951164440978740.jpg
proj-1331708845	https://p2.music.126.net/66Jt1L88w0KVoW85Ed95vQ==/109951165970660548.jpg
proj-29771432	https://p1.music.126.net/ehdFiw9oDZr231FPHJf62A==/109951165972824110.jpg
proj-31066470	https://p1.music.126.net/dPuX1SoA5xgWBP5i95y8QA==/109951165972084508.jpg
proj-3406918	https://p1.music.126.net/7jJSoIh-0scojR2jJQjYpg==/18726882045835681.jpg
proj-1480204501	https://p1.music.126.net/-NYPVmEa2h6mm6-RSO572w==/109951165324860695.jpg
proj-29534449	https://p1.music.126.net/F2rzEvm6uTMRWuhcl6Q5Cw==/109951169136663889.jpg
proj-18803200	https://p1.music.126.net/Z-Ymj4gmIKV_BxfbCRRg6w==/109951163165825037.jpg
proj-27072480	https://p1.music.126.net/iG9XBHQO-rZQRdN9Ih92sA==/5691072185474327.jpg
proj-28331097	https://p1.music.126.net/apS42_JIs1l63iQOQDwTjw==/7976956860378686.jpg
proj-2076712142	https://p1.music.126.net/uGM2JM8ulsF22u5jiR6tbA==/109951168869542847.jpg
proj-1449991947	https://p1.music.126.net/tx5LMsQM5O91CN9DjpI2zQ==/109951165007106098.jpg
proj-16435051	https://p1.music.126.net/GgFkzR6_T5jW2msFLU7rKg==/109951168981890417.jpg
proj-2188235	https://p1.music.126.net/odWx9UReaN7DEEg1wInWRw==/848822976687785.jpg
proj-1907161101	https://p1.music.126.net/KEcByN6BFnnKZJVH7bE5oA==/109951169811105133.jpg
proj-29722263	https://p1.music.126.net/uUno1Es_L2ObVgPyfDTcQQ==/109951165970627773.jpg
proj-2004562490	https://p1.music.126.net/qQ5e7rM-xY6YWJW9_3tR-w==/109951168121859537.jpg
proj-2004563430	https://p1.music.126.net/qQ5e7rM-xY6YWJW9_3tR-w==/109951168121859537.jpg
proj-1806905006	https://p1.music.126.net/ycq_iHwZeYj-jHi6lVb1pw==/109951165566218472.jpg
proj-2004563422	https://p1.music.126.net/qQ5e7rM-xY6YWJW9_3tR-w==/109951168121859537.jpg
proj-21563184	https://p1.music.126.net/vrJzlA1RIiwaPHlXzZy90g==/3263350514797284.jpg
proj-21563094	https://p1.music.126.net/xXy5ELUOlmqQuzA9PdJSpQ==/109951170439340644.jpg
proj-401712020	https://p1.music.126.net/-T0rm-pZiuCgo4ZGCtpzWw==/109951168261482167.jpg
proj-485992658	https://p1.music.126.net/xAUjtwyXWP1RdzamFapt3Q==/109951165982012678.jpg
proj-1855285578	https://p1.music.126.net/RM3VItnXqwGtOhkNM3YxwA==/109951168932382196.jpg
proj-1401302504	https://p1.music.126.net/jpwgibpDAI8b3AxcIv5QMQ==/109951168930483402.jpg
proj-1824927085	https://p1.music.126.net/Rhm3ri2G5IUnQdXJuPY7fw==/109951167091309142.jpg
proj-514172235	https://p1.music.126.net/miyRHpMgSFmbMYW6Q4oogw==/109951165983559757.jpg
proj-441116182	https://p1.music.126.net/3GS7CY-TcHFxdCxO_wVrRQ==/18674105487785055.jpg
proj-417250724	https://p1.music.126.net/r00I67UUK57t9NptcXY6fw==/109951165975846770.jpg
proj-1356131126	https://p1.music.126.net/iBxAZvHMTKfO3Vf8tdRa7Q==/109951165985707287.jpg
proj-1960701524	https://p1.music.126.net/luYN3gBrWv6L2QDGgrQeTA==/109951167613260324.jpg
proj-1955153135	https://p1.music.126.net/LShLFaRTre7hNiO_IyzOlg==/109951169907402422.jpg
proj-1938344407	https://p1.music.126.net/8zcQp5765nHXikiezapHnw==/109951167295553217.jpg
proj-29816628	https://p1.music.126.net/sRscWKZ4Wrk6yrzy6E6f1w==/109951166131295163.jpg
proj-32337668	https://p1.music.126.net/nCkxwj8wKCeU055wipjZ2Q==/109951167086563993.jpg
proj-431610014	https://p1.music.126.net/9i2hrhQfRPNbTWD6YVAQXg==/109951167103667631.jpg
proj-442867526	https://p1.music.126.net/9i2hrhQfRPNbTWD6YVAQXg==/109951167103667631.jpg
proj-33599620	https://p1.music.126.net/jvWR-sXDap9MTCBFAISKkA==/3357908511357769.jpg
proj-441489378	https://p1.music.126.net/AiLOdJoMQtBghx6iuPHFBA==/18502581673446504.jpg
proj-2016284895	https://p1.music.126.net/VZD7T7tKX_CmLejqiHirGw==/109951168251189553.jpg
proj-26395570	https://p1.music.126.net/CwljKft4p5dUKUboNAItOg==/2297979302111027.jpg
proj-2142210969	https://p1.music.126.net/IIO0zG2IG7inDbBCppfG4Q==/109951169466268990.jpg
proj-1424400870	https://p1.music.126.net/c7pgKGJ-HmV8qjOvF-oe_A==/109951164721112217.jpg
proj-1340558332	https://p1.music.126.net/Y44z8bO6CgHwk0fbwAlz7w==/109951165347857138.jpg
proj-553814210	https://p1.music.126.net/AbfItaltNapHjVAkaPCJqw==/109951168070581645.jpg
proj-426194883	https://p2.music.126.net/6-TgBhtH2gK2rA2G582Fpg==/109951167817024864.jpg
proj-2091578499	https://p2.music.126.net/3U8tip1lgZsnmqVR45b06A==/109951168988835211.jpg
proj-2030120910	https://p2.music.126.net/Eh3xmGLQEOujDwarR7I2RA==/109951168468366282.jpg
proj-30953009	https://p2.music.126.net/AuE9HT1fBoRvT23II8Brzw==/109951166715465943.jpg
proj-1297841	https://p2.music.126.net/SZ9qKspzceo1XrvxUi5mSw==/831230790642200.jpg
proj-27902187	https://p2.music.126.net/JlRfDca09E6kvp5Q_vcuZQ==/109951163251461103.jpg
proj-5052317	https://p2.music.126.net/e97RIgPdyoJdQQS6Waw0VQ==/109951173366641451.jpg
proj-1297699	https://p2.music.126.net/mDY-MNtLCE4xhZTbpuEoxw==/109951166198015914.jpg
proj-17572558	https://p2.music.126.net/wXM4Tgz2mAr8MNQz6uIXvQ==/109951166033211649.jpg
proj-1322432164	https://p2.music.126.net/RODpxNz_HoOLkKu0km7ipA==/109951163909301156.jpg
proj-1485777161	https://p2.music.126.net/kkjR8eZGGM1AUYs1_6EGHQ==/109951165378735128.jpg
proj-1318733599	https://p2.music.126.net/NPeyzpUmXGAzsI6VUQxvrA==/109951171748635952.jpg
proj-1387574419	https://p2.music.126.net/w1VjMNiMo10fU13rxfCDUw==/109951169872426635.jpg
proj-555974038	https://p2.music.126.net/WOS8HHKgPVuTo-6KS5SqGQ==/109951169872913709.jpg
proj-505828531	https://p2.music.126.net/NM-mDRTXySLH7BXFf90UjA==/18347550533465073.jpg
proj-3420781828	https://p2.music.126.net/UrP7HwvojQOfZWjZnhf-zA==/109951173746228969.jpg
proj-411349769	https://p2.music.126.net/UyTJzjRlZWyvyO0fjP91dg==/109951167103661801.jpg
proj-5100769	https://p2.music.126.net/LpNeJdD3VtiThH5uIi62Hg==/1698745464926789.jpg
proj-17793698	https://p2.music.126.net/hZZYMj3r8IQOFM4HAChKRg==/109951173145184379.jpg
proj-26658058	https://p2.music.126.net/hg2mu5dCiXQUbopetLA7xA==/2001111162580879.jpg
proj-25677983	https://p2.music.126.net/v9nVc40HYNe7njfgvG0hTA==/109951166715475208.jpg
proj-26623199	https://p2.music.126.net/yn-BokAPJdKcbrA4yp2HxA==/2346357813736153.jpg
proj-1416661690	https://p2.music.126.net/oMNgIbfv04ExV-aywKDaHg==/109951164626136840.jpg
proj-2037073798	https://p2.music.126.net/bSG2bwllikPOUhCUmnbivg==/109951168528794440.jpg
proj-1817961813	https://p2.music.126.net/3xMnMeT5j2WS875syawbgw==/109951168146245381.jpg
proj-481873953	https://p2.music.126.net/4s_OEG8473tqUiLJoeNrfQ==/109951169873084408.jpg
proj-1298432425	https://p2.music.126.net/hFKgE1OcyvibwrtLJuZQ1w==/109951165984655844.jpg
proj-5221922	https://p2.music.126.net/TdyF6EgIdd_9pp3lCBFedQ==/777354720881681.jpg
proj-17990107	https://p2.music.126.net/Qpxv80BGgPBq1AkNv1hIVA==/6670737046271578.jpg
proj-3315202	https://p2.music.126.net/0IzeikxReziQDve-WQtOzw==/109951165971859329.jpg
proj-29559708	https://p2.music.126.net/UzPcQEzfawZhcUuMKqtvIw==/2529976256809245.jpg
proj-3955287	https://p2.music.126.net/3iyF-sS6rhctRxJr8SjgGA==/109951170183641305.jpg
proj-16855885	https://p1.music.126.net/wPlr0invR33Zp688EvJc2w==/109951170074922835.jpg
proj-16855986	https://p1.music.126.net/NoT3qyHQUS26EXvMQ73qNw==/109951166300360046.jpg
proj-20189494	https://p2.music.126.net/eIvbgxQN4Vc5TKmd1e4TxQ==/109951170216848012.jpg
proj-17112374	https://p2.music.126.net/1znEztbWnmm0_YYRcbH8UA==/109951172160154517.jpg
proj-5135557	https://p2.music.126.net/aDlu8ZsbXN8ONH3QtQXMKQ==/690493302287370.jpg
proj-21268933	https://p2.music.126.net/PRyVjw5q8vMVSsVwStYFpQ==/109951166095291597.jpg
proj-1315168334	https://p2.music.126.net/GhzuOzts17dQ4sVUIkzVMQ==/109951163585022233.jpg
proj-21799569	https://p2.music.126.net/f9wJl-NTq-1gB5aylZaIsg==/704786953415722.jpg
proj-1320329093	https://p2.music.126.net/uguHPbPSa1PpMeuM1xznag==/109951163939443344.jpg
proj-21799583	https://p2.music.126.net/t9nVs9g3tX0riC8ryxqH4Q==/2543170396274489.jpg
proj-26921431	https://p2.music.126.net/mMSLGeqaocptGX6hWWJpYQ==/109951166273625925.jpg
proj-19375093	https://p2.music.126.net/a2eV9eq3juVlqSBkO0eFcA==/109951166422607334.jpg
proj-19375098	https://p2.music.126.net/a2eV9eq3juVlqSBkO0eFcA==/109951166422607334.jpg
proj-2113762	https://p1.music.126.net/3lrwrh5T-aK9esrCJWq5Vg==/109951164948683159.jpg
proj-18353530	https://p1.music.126.net/nkSkRx3lU6-5BHRj9CTJQA==/6622358534647598.jpg
proj-3818257	https://p1.music.126.net/2LT1fa5AI2x4UTwfy-W2vg==/109951165992510834.jpg
proj-17405587	https://p1.music.126.net/OiwDGuHkmoI5dItkelAepQ==/109951167713170810.jpg
proj-17405593	https://p1.music.126.net/OiwDGuHkmoI5dItkelAepQ==/109951167713170810.jpg
proj-1912757016	https://p1.music.126.net/LkFiF9ZNIldjJTq5XAMx1w==/109951166942862944.jpg
proj-26345370	https://p1.music.126.net/wubx7jxr8UmqptjTQaSnWA==/109951168455508144.jpg
proj-21614772	https://p1.music.126.net/LmyER2ud6JOnMyUMnHkuNg==/109951167133261114.jpg
proj-16158605	https://p1.music.126.net/lZ-RgxzCHxDXgzmMjm39DQ==/717981092944708.jpg
proj-16158507	https://p1.music.126.net/qr37seNg-1nTQR3fiayA8Q==/109951169006174195.jpg
proj-16158638	https://p1.music.126.net/Egy5tAcYLgo56exfHien1w==/703687441783410.jpg
proj-16158561	https://p1.music.126.net/-kTJsVrUpDDmP4Xea86EEA==/684995744111176.jpg
proj-19375081	https://p1.music.126.net/a2eV9eq3juVlqSBkO0eFcA==/109951166422607334.jpg
proj-1312062084	https://p1.music.126.net/rlq-X1PFB_pjmWpDUMqFVA==/109951166879032988.jpg
proj-1300459	https://p1.music.126.net/ALKkv-CNN79wRO9S5Y01Kw==/109951163087319952.jpg
proj-17572422	https://p1.music.126.net/cN7ugIWdY2RKGEf9RTUDKQ==/109951170271191404.jpg
proj-17572426	https://p1.music.126.net/cN7ugIWdY2RKGEf9RTUDKQ==/109951170271191404.jpg
proj-17572251	https://p1.music.126.net/hV-U-IVzGWc9gvAFnw_gsw==/109951169053715540.jpg
proj-17572306	https://p1.music.126.net/3cRKwg79tCausocLTx2mqQ==/109951171932974645.jpg
proj-17572539	https://p1.music.126.net/UUTZQnylopatCLt2KW8OHw==/109951169053679191.jpg
proj-1297941	https://p1.music.126.net/fS9yiTMd04TUCHHUuIm-mw==/109951163251458814.jpg
proj-17572553	https://p1.music.126.net/xknFZGQi2Sifzw6QelA60A==/109951165495203421.jpg
proj-17572437	https://p1.music.126.net/cN7ugIWdY2RKGEf9RTUDKQ==/109951170271191404.jpg
proj-21268935	https://p1.music.126.net/PRyVjw5q8vMVSsVwStYFpQ==/109951166095291597.jpg
proj-21268845	https://p1.music.126.net/Dswi-gp3hUBk2970_iaGOA==/109951166095271155.jpg
proj-21268930	https://p1.music.126.net/LgtxsJdOhtXNWiIO99HELQ==/109951165992164786.jpg
proj-2758461222	https://p1.music.126.net/ZoHJ_uV047lYhBhIEDObVw==/109951172188653921.jpg
proj-27238097	https://p1.music.126.net/wT26e60elkAG1mxBO8Z7nw==/5803222371435984.jpg
proj-18614115	https://p1.music.126.net/LX2qBLYUiHo1kyq2zD7mPA==/749866930152791.jpg
proj-18614153	https://p1.music.126.net/9yWlRLAgxE_rl0MeRgXCbg==/109951172151366758.jpg
proj-18614146	https://p1.music.126.net/9yWlRLAgxE_rl0MeRgXCbg==/109951172151366758.jpg
proj-17572494	https://p1.music.126.net/Ri5vHbwU7GpYkXsnzv3ayQ==/2536573330159886.jpg
proj-18614069	https://p1.music.126.net/7h5CkAHWaig6HnaiJojHaA==/18338754440253380.jpg
proj-18613883	https://p1.music.126.net/eI8snZCZ2Tujti3QjUeCmg==/109951173668390306.jpg
proj-18969085	https://p1.music.126.net/M4s782utwaMBIDmt0UOvEA==/109951170517268501.jpg
proj-18969180	https://p1.music.126.net/1uBN8_XCzF74_yJXXPMpKA==/18182623789335334.jpg
proj-18969204	https://p1.music.126.net/fCCxDPyFjN11uSZ4GZsifw==/109951166027217441.jpg
proj-18969136	https://p1.music.126.net/WOH764j6Yr2z0kTjvsomsQ==/109951170517260769.jpg
proj-18969071	https://p1.music.126.net/1pIJlLQmblxVIJXaKnWykw==/109951167119530519.jpg
proj-18969206	https://p2.music.126.net/fCCxDPyFjN11uSZ4GZsifw==/109951166027217441.jpg
proj-21215511	https://p2.music.126.net/PAS0GofgD-Sq6iJOXCzVeQ==/109951168652150833.jpg
proj-21215284	https://p2.music.126.net/UbRxwrzcBHhdlzDXsgv1pg==/109951169686203734.jpg
proj-21215697	https://p2.music.126.net/d19YCRqzlKXcDiTWqGMlUQ==/109951170991061703.jpg
proj-5249267	https://p2.music.126.net/ER31PgQ7xZTC7EV4IGwAaw==/54975581405893.jpg
proj-2926297	https://p2.music.126.net/Qe5HE4VZtr8XjiNP6OHGBg==/109951165983052356.jpg
proj-2926295	https://p2.music.126.net/Qe5HE4VZtr8XjiNP6OHGBg==/109951165983052356.jpg
proj-1302250733	https://p2.music.126.net/6o4z-pwkVb6PQahqJIg-iQ==/109951165991670296.jpg
proj-26525804	https://p2.music.126.net/bEep_db73f5byxubszum0w==/2335362697456584.jpg
proj-17706068	https://p2.music.126.net/sSMihaFr_4cwxq2WgpqYnA==/109951163469616101.jpg
proj-26605956	https://p2.music.126.net/79T_nHiRu7Be9n77c8eKIA==/4434330394835206.jpg
proj-40237113	https://p2.music.126.net/oCTdsvpg_BeGcNt_8F38wA==/16630113370319023.jpg
proj-27206226	https://p2.music.126.net/S22vk1vOhwVNdE-eHbsf_g==/5714161929639799.jpg
proj-20943184	https://p2.music.126.net/s_5w9qKpDXwSMiHLdYbpow==/109951169341711155.jpg
proj-31010336	https://p2.music.126.net/f59gwayE8deSjfi9i1G2vQ==/7848313999540641.jpg
proj-472045048	https://p2.music.126.net/U4CJPNLQOz_ZFXW4eCBUUQ==/109951170258095019.jpg
proj-1643529	https://p2.music.126.net/NsezuNC2Nc9EtMIC0FaXJg==/109951167113007768.jpg
proj-18943532	https://p2.music.126.net/SCk1DYSjx9m3AR6r3lo7Fw==/109951170271201605.jpg
proj-2152805690	https://p2.music.126.net/2uNB1vOtLykIIu094zd95w==/109951169563204791.jpg
proj-1299712163	https://p2.music.126.net/AfbU9VBHOgOSP597q4d_yw==/109951163938064505.jpg
proj-5104537	https://p2.music.126.net/CTRvaPJ_YpSjQJmQ12BmGA==/1752621534687206.jpg
proj-1868480	https://p2.music.126.net/F8R535oP-V4UOa0O2n1Y9Q==/798245441818276.jpg
proj-17177324	https://p2.music.126.net/n6BatGZdnRaEnIC0h7kVOg==/109951167815599264.jpg
proj-3986017	https://p2.music.126.net/Wr13D68yaaknFmxTD5xnoQ==/18569651881855121.jpg
proj-28528999	https://p2.music.126.net/z8bRRuF8Gx5RvHJHwpKKkQ==/109951163620484193.jpg
proj-17177380	https://p2.music.126.net/lKcQUPMOleno8c67GzpKIA==/109951166764173392.jpg
proj-37240629	https://p2.music.126.net/BtsEBmnJ05DLBxMdWdhNpA==/109951163780293240.jpg
proj-36308623	https://p2.music.126.net/zaLhhnsYVrGdo_AjDmktuQ==/109951164142725167.jpg
proj-17177367	https://p2.music.126.net/k-a3PeCvisMJ0C4hwqRGYw==/109951165924811590.jpg
proj-3986326	https://p2.music.126.net/HRbc17kqmabYjRo9U1Nr2Q==/109951163840992608.jpg
proj-1338149101	https://p2.music.126.net/0_YzqMGHrDXU9C277IFerA==/109951163783209324.jpg
proj-19945726	https://p2.music.126.net/FtqiYsgqfgU0AwYcdc2cBQ==/19089720881705423.jpg
proj-3356622540	https://p2.music.126.net/_lUYKIyxVoYdXM3ksJtbcA==/109951172849777327.jpg
proj-19945735	https://p2.music.126.net/NZY13iVBgnOXIDtYKHVnBQ==/109951167091295618.jpg
proj-3356622542	https://p2.music.126.net/_lUYKIyxVoYdXM3ksJtbcA==/109951172849777327.jpg
proj-1927389937	https://p2.music.126.net/KltEk7MJY1n-gyo1yO2trw==/109951171331729466.jpg
proj-1977828161	https://p2.music.126.net/xkwMK6yuYyVltw_aBStSBA==/109951168151585938.jpg
proj-21803604	https://p2.music.126.net/FahItwtH83Oda9FqkIRFXw==/109951169164062788.jpg
proj-26060065	https://p2.music.126.net/TJf6QafYPoDm9jZOR444dg==/109951170517214706.jpg
proj-1946813580	https://p2.music.126.net/Q2ETcHgppylNf6RRQUnPDA==/109951167406781523.jpg
proj-28406990	https://p1.music.126.net/NZHfFGDOMlHn1I34uvsiGA==/109951163219138105.jpg
proj-31654490	https://p1.music.126.net/k46SeQMluMpeZiZ3o0i3og==/109951169620305803.jpg
proj-417911175	https://p1.music.126.net/TnNGn1XK2IzsGxH6yK2jbA==/109951164149165084.jpg
proj-1852069909	https://p1.music.126.net/83XVCvMna5yVNMkl3mL4vw==/109951171770750671.jpg
proj-569214321	https://p1.music.126.net/Ac6sOKiWILFBcVXmWpojpw==/109951172184270639.jpg
proj-21253949	https://p1.music.126.net/q1Ku2NoO8XAZMX_BTR-L0w==/109951170244653779.jpg
proj-16232632	https://p1.music.126.net/tqS7gMfddzvGzlZur-oxMQ==/109951167307248988.jpg
proj-2871299	https://p1.music.126.net/jI9hlYqAxS-HsABYRQ7TBw==/109951167307142621.jpg
proj-2870985	https://p1.music.126.net/JahdelLNewYG3pcpWRJMDA==/109951163024444404.jpg
proj-16431880	https://p1.music.126.net/rNWoK0vpHAW1H9kTFKRVig==/109951167596882130.jpg
proj-1349964388	https://p2.music.126.net/MKdvb4JqEkqoUbhNx-pPVQ==/109951163903774663.jpg
proj-1846473653	https://p2.music.126.net/KqTFZpr-ze931_sDfLBk3Q==/109951169026653354.jpg
proj-1846473652	https://p2.music.126.net/KqTFZpr-ze931_sDfLBk3Q==/109951169026653354.jpg
proj-3392742809	https://p2.music.126.net/m-MhdlXwnV7IwoHGCHU1sg==/109951173380403022.jpg
proj-415126537	https://p2.music.126.net/6IwszmnkrCUN3Srqp3-ftQ==/3400789466535963.jpg
proj-3226001	https://p2.music.126.net/6MIwqCNJnOwg3VDddtJm0A==/109951165991970619.jpg
proj-21373644	https://p2.music.126.net/wfSNLAiKlvSQs1Yx1v7moA==/109951167487398037.jpg
proj-21968164	https://p2.music.126.net/BPSh4vEgT37GX96ARPNwzg==/109951165990597839.jpg
proj-27928548	https://p2.music.126.net/UttYbJ0xKIxy7nFs3JbSVQ==/109951169146975250.jpg
proj-3950546	https://p2.music.126.net/EjDNL-tx4XEBa4zdjEv5Lg==/1680053767249253.jpg
proj-16686599	https://p2.music.126.net/dQJQCYgIJUzqcD_b_2PpIA==/109951166701647085.jpg
proj-1426247184	https://p2.music.126.net/F8EyUN4N0KyEheHoUKUdjw==/109951164744223186.jpg
proj-5041905	https://p1.music.126.net/lZdFh7V1EHAEd_puPxWOfw==/109951166907649431.jpg
proj-18127334	https://p1.music.126.net/RMKASF3Ai8U6VZoK4JD_0A==/109951169958771691.jpg
proj-4330114	https://p1.music.126.net/SIeysJd6OdenzAsPYhgISg==/1801000046307284.jpg
proj-4208530	https://p1.music.126.net/PdcaJTjpDUpBO6VKZ5UqiA==/109951165756442681.jpg
proj-1950593309	https://p1.music.126.net/n4BHkjMZiO9zKzjY1k9kjw==/109951167474833618.jpg
proj-27697195	https://p1.music.126.net/Ae1lh2KSC4qIqVatezv8XA==/109951163437479723.jpg
proj-35724589	https://p1.music.126.net/tB8tOeoAX-xSd0T82qMMGw==/3265549604984979.jpg
proj-27759600	https://p1.music.126.net/4BTe96FPQ_kW1pmNnlNvHg==/2536573326765583.jpg
proj-1496764168	https://p1.music.126.net/i96rnhcKR67Ype3SAFwXXA==/109951168250206357.jpg
proj-29129545	https://p1.music.126.net/8GgwpFyX4TobqEErHwfFOQ==/109951163168880410.jpg
proj-18611643	https://p1.music.126.net/AawkvMuMEOkGgBEU_MuKaQ==/109951167192586221.jpg
proj-18611599	https://p1.music.126.net/cFCGGoEHW7uDiCN0uNcXIQ==/109951166007196945.jpg
proj-21803799	https://p1.music.126.net/C01xddNE9Ovxmjf0bI6ocA==/109951165965143111.jpg
proj-19542337	https://p1.music.126.net/y3NzeUWXbuHI9Mm5mghD6A==/109951165967126686.jpg
proj-4170558	https://p1.music.126.net/x1x7TsnwLRm3P90iuOZ1hw==/109951169725712376.jpg
proj-402668464	https://p1.music.126.net/YtpPP1oiFabWxJZZiW_lbg==/17797794719205057.jpg
proj-17212643	https://p1.music.126.net/qeTof6S0ITv89WVTBYn9sw==/109951166270711595.jpg
proj-17810604	https://p1.music.126.net/R2WzVhIuA2cL5OZ8tjfvpA==/109951166322991982.jpg
proj-1345627501	https://p2.music.126.net/cvTAGgSqfGs5GnVNMESzKQ==/109951163940045332.jpg
proj-27646851	https://p2.music.126.net/Sk7tW5H8h2Z6K7Y_9mLL4g==/5507453743623390.jpg
proj-1917843922	https://p2.music.126.net/hcEfAJ-FKGUqoBnMG-JmLg==/109951167183338469.jpg
proj-1874585362	https://p2.music.126.net/A0yhkDH7ZQ9l2QrjXy6_Dg==/109951166347255254.jpg
proj-27938268	https://p2.music.126.net/vpRSy9FfQhlm_BMvOW7eaQ==/109951165968713117.jpg
proj-19292812	https://p2.music.126.net/WS5zt4tq5KBONXcAktO2lA==/109951169270236134.jpg
proj-460043704	https://p2.music.126.net/99_i681E6ZE74t_xue6PUA==/109951166151204092.jpg
proj-1989318036	https://p2.music.126.net/tsAD9ry6lc1NX6BBP3FCXw==/109951167964311304.jpg
proj-2054154146	https://p2.music.126.net/8ntqHPDwLCVZZcn3PXqREw==/109951168666900730.jpg
proj-2154850334	https://p2.music.126.net/NZOnDqpyTA45AWL8kGsqxg==/109951169679537837.jpg
proj-2154851107	https://p2.music.126.net/NZOnDqpyTA45AWL8kGsqxg==/109951169679537837.jpg
proj-552448704	https://p2.music.126.net/fTj5FUMjUYWRRAvUB2lH2A==/109951163255502377.jpg
proj-399343818	https://p2.music.126.net/s6FPfUlIe4cM2aZegM70tQ==/3236962236742663.jpg
proj-27448352	https://p2.music.126.net/SiDfTTd0DnoYwghQouQ_GQ==/6621259023118418.jpg
proj-31789305	https://p2.music.126.net/razERI6ob6EZE52AEbrDZQ==/109951166382279208.jpg
proj-2030754234	https://p2.music.126.net/f961HU8NXDaEt1gZZudmFA==/109951168473380366.jpg
proj-17217944	https://p2.music.126.net/RUowt848pC1or5yo7UHUKw==/1420569033262145.jpg
proj-1469748657	https://p2.music.126.net/IF0AJN_cxFHGF0k-X6Egxg==/109951170224242245.jpg
proj-28157586	https://p2.music.126.net/mbpCWOGZjj7U38fdzHKeRQ==/6620159511658054.jpg
proj-17110642	https://p2.music.126.net/VA5TtVKuIfU6Wt-eESOn1Q==/109951165962976763.jpg
proj-1873259	https://p2.music.126.net/A22jNyrQIcU8JNq0crJVAg==/903798558083368.jpg
proj-1394494933	https://p2.music.126.net/nY3zLXwEAQRiyIGEbETDlg==/109951164400407084.jpg
proj-497131617	https://p2.music.126.net/w0ZZKfOZVOmrv8Cq1zbVbQ==/109951166252985405.jpg
proj-26459553	https://p2.music.126.net/y6Y64WxPqpFvpeafEm7LlQ==/109951167487262143.jpg
proj-19292984	https://p2.music.126.net/GZERNplXUdzTPkKqo2F4tA==/109951169217536854.jpg
proj-19292987	https://p2.music.126.net/GZERNplXUdzTPkKqo2F4tA==/109951169217536854.jpg
proj-19292982	https://p2.music.126.net/GZERNplXUdzTPkKqo2F4tA==/109951169217536854.jpg
proj-19292852	https://p2.music.126.net/vJ8Je9OECPODazPzLmRvmQ==/109951169026164541.jpg
proj-19293014	https://p2.music.126.net/1V5SEzMUWB25_j3R0lvfhw==/6668538023378075.jpg
proj-19293015	https://p2.music.126.net/rlKNrLzrm6jZDdLlfOpN2g==/6621259023379390.jpg
proj-25787219	https://p2.music.126.net/OCMiVBuHoztkuvzWtCCbsQ==/109951169270228460.jpg
proj-19292800	https://p2.music.126.net/WS5zt4tq5KBONXcAktO2lA==/109951169270236134.jpg
proj-19292807	https://p2.music.126.net/WS5zt4tq5KBONXcAktO2lA==/109951169270236134.jpg
proj-108914	https://p2.music.126.net/Gk4t93WwafRZtt9nTS77Iw==/109951171891430447.jpg
proj-29814898	https://p2.music.126.net/2e__sKuIQsTSVVGr5Hk1FA==/109951170313536564.jpg
proj-25727803	https://p2.music.126.net/D_hiKMwrdQlqD36LoKLO2w==/109951163187408030.jpg
proj-108242	https://p2.music.126.net/LI3duoHIZyyLawRJLY51kA==/109951172024569374.jpg
proj-108886	https://p2.music.126.net/lcsVW2rDqdZ9DEZo5CU4Cw==/109951171891432947.jpg
proj-108138	https://p2.music.126.net/Z5lg-iA7pGbquJvMoY8tbg==/109951168271379420.jpg
proj-5256109	https://p1.music.126.net/sa4czySORckr3EArwj033A==/35184372105678.jpg
proj-3352314052	https://p1.music.126.net/sP5L--4FT_EHpsW6hwSZxg==/109951172496999853.jpg
proj-66842	https://p1.music.126.net/wECqsELfPFdVNLpW0QWhmA==/109951171836564936.jpg
proj-406907058	https://p1.music.126.net/VRpROCvIIZnJxYzn2vbuNw==/3283141728643371.jpg
proj-299936	https://p1.music.126.net/W6MDlem6_FsymbnxKc_BKQ==/109951171530948990.jpg
proj-5244822	https://p1.music.126.net/R0jo39d75CT_bjMLesfo9Q==/109951163592976362.jpg
proj-29713754	https://p1.music.126.net/yXyeAl-7m0tqfx4AX7BDSQ==/2542070884980240.jpg
proj-300062	https://p1.music.126.net/mAqSihl3TPc70vaaEtJMdw==/109951172128566941.jpg
proj-454828887	https://p1.music.126.net/KZ0VfIoFYsxpjz9sTQuLVQ==/17687843556430013.jpg
proj-5269442	https://p1.music.126.net/s_pEXcvT7xbPECuukxzAAA==/23089744200120.jpg
proj-5246676	https://p1.music.126.net/Qhh-a56j6FaIBN1ekuW_QQ==/109951163311279628.jpg
proj-5237823	https://p1.music.126.net/dnheM_0iOYgwrp2EJfe9Yg==/109951163447808076.jpg
proj-254078	https://p1.music.126.net/QKCkMMW_fPDcczRNb0qZyg==/109951168163257789.jpg
proj-449818741	https://p1.music.126.net/fkqFqMaEt0CzxYS-0NpCog==/18587244069235039.jpg
proj-233931	https://p1.music.126.net/3XEICRFzQPrHPUMD0xm1Jw==/109951163069323980.jpg
proj-3343236872	https://p1.music.126.net/SzW99G1xSKGARieDjAOXOg==/109951172646576953.jpg
proj-1330348068	https://p1.music.126.net/diGAyEmpymX8G7JcnElncQ==/109951163699673355.jpg
proj-1901371647	https://p1.music.126.net/HXfXIIBCk5w96MiY1Wdsqw==/109951171836610847.jpg
proj-2040551128	https://p1.music.126.net/9buSaroBThKP1Ox2whcwGQ==/109951168125688698.jpg
proj-1468114204	https://p1.music.126.net/o0VyGUABowZl5BGWf8nBYg==/109951172341406695.jpg
proj-1997438791	https://p1.music.126.net/dvBE3I5IYmDTmZq9SyKoRA==/109951168159576909.jpg
proj-32507038	https://p1.music.126.net/vu7SHbVlMuszmSuKR2SKAQ==/109951168707343730.jpg
proj-464009783	https://p1.music.126.net/4-1tot-c9uW1qzeGMc0CQQ==/19217264230279490.jpg
proj-167882	https://p1.music.126.net/Zg4XDfsiRi5vawjSWPP8Ng==/109951172899966259.jpg
proj-1807799505	https://p1.music.126.net/5URIeP6GjMFg_hKhGloNTA==/109951165585701063.jpg
proj-1400256289	https://p1.music.126.net/JBrPa3oAkMxG3CAQkRQ83w==/109951168973212235.jpg
proj-2068068886	https://p1.music.126.net/WggkFIeEg8AxSr7gZC5sow==/109951168771963474.jpg
proj-2100630469	https://p1.music.126.net/X8v-Q7_EhMu3flR-6yL2nA==/109951169061629544.jpg
proj-2119795491	https://p1.music.126.net/Bb50pyrAJzR3ZsjxILnO6A==/109951169278248355.jpg
proj-3331941569	https://p1.music.126.net/oD5vb77m2VhuyX26RAETig==/109951172418898348.jpg
proj-143235	https://p1.music.126.net/h6oZNyUgMuyarJOYMO8uxg==/109951166655546649.jpg
proj-142931	https://p2.music.126.net/gBqCCVF23W3HISo17GmRIA==/109951167406299397.jpg
proj-27901965	https://p2.music.126.net/cpoUinrExafBHL5Nv5iDHQ==/109951166361218466.jpg
proj-35403523	https://p2.music.126.net/Nm5rwMYaH_20Zh61XhGn8Q==/109951166600775221.jpg
proj-3324100026	https://p2.music.126.net/ftZ6G6efA_16F49Gx4L0YQ==/109951172375089717.jpg
proj-108795	https://p2.music.126.net/kSyujmjRn_9adgb4Wg5R-g==/109951171415593434.jpg
proj-26305541	https://p2.music.126.net/Pz4sEpA7nsiyIdIrswTx9A==/109951167894836691.jpg
proj-108251	https://p2.music.126.net/LI3duoHIZyyLawRJLY51kA==/109951172024569374.jpg
proj-26305523	https://p1.music.126.net/Pz4sEpA7nsiyIdIrswTx9A==/109951167894836691.jpg
proj-1405283464	https://p1.music.126.net/KTo5oSxH3CPA5PBTeFKDyA==/109951164581432409.jpg
proj-36270426	https://p1.music.126.net/kVwk6b8Qdya8oDyGDcyAVA==/1364493930777368.jpg
proj-3389754902	https://p1.music.126.net/xixxlqKh2dAzt3SFBsXfGw==/109951173196514882.jpg
proj-210042	https://p1.music.126.net/8D2Pd7EuvGboMyE2xWc47A==/109951172453712025.jpg
proj-5233025	https://p1.music.126.net/dJI3s8q-V-13JcjbSmpXGw==/109951165641458451.jpg
proj-209718	https://p1.music.126.net/owr7Ak1Dk6AAn96hirnUDg==/109951163251449978.jpg
proj-66282	https://p1.music.126.net/W9imJx0w_JeCGGs43dfjFg==/109951171529987110.jpg
proj-65334	https://p1.music.126.net/m9cBIL-D3or61yMh9OPdqg==/82463372088816.jpg
proj-65536	https://p1.music.126.net/o_OjL_NZNoeog9fIjBXAyw==/18782957139233959.jpg
proj-67467	https://p1.music.126.net/PsM8DrCWXNDj1MCIgCLaVA==/18632324046199371.jpg
proj-64093	https://p1.music.126.net/Po0tJTtv4aBaYozWlnojHg==/18546562139313276.jpg
proj-287057	https://p1.music.126.net/wF25xzePLml5EGUWM2eInw==/109951173219336672.jpg
proj-1360465550	https://p1.music.126.net/Hbbi1qNd5VW-uQy0vF3kiA==/109951164015979601.jpg
proj-254102	https://p1.music.126.net/UfOKakR07SZ663uV6iJrmg==/109951172232905539.jpg
proj-254270	https://p1.music.126.net/u_9SuUuQ960-2B1D94nWoQ==/109951172232898857.jpg
proj-254129	https://p1.music.126.net/8E9NHOTIf6V6Vv45_Taxdg==/109951168163299080.jpg
proj-254144	https://p1.music.126.net/OpFMH1NN5u3DaOUdruORlw==/109951168144462962.jpg
proj-299264	https://p1.music.126.net/dJ27T2jealkaq370KDH7tQ==/109951169790154351.jpg
proj-110477	https://p1.music.126.net/f90p4cISTb7HA_OZk7g0gg==/109951164090130753.jpg
proj-110452	https://p1.music.126.net/fkRzzHzti8RY7IC3R83qwA==/109951171315144488.jpg
proj-25640392	https://p1.music.126.net/pcic3NwD7xdvHLvuT5jWWQ==/109951168308921434.jpg
proj-327157	https://p1.music.126.net/JxIljYkVznSrZTUQEAg-gg==/109951167379867279.jpg
proj-326942	https://p1.music.126.net/2rVZfPmq6-OzE-0jXP10vg==/109951167430275623.jpg
proj-543656129	https://p1.music.126.net/w4dzXPVMWe7lwmf1Pdgb5A==/109951163175731610.jpg
proj-27678655	https://p1.music.126.net/0uZ_bKtm4E188Uk9LFN1qg==/109951163187393370.jpg
proj-27731176	https://p1.music.126.net/0uZ_bKtm4E188Uk9LFN1qg==/109951163187393370.jpg
proj-407450223	https://p1.music.126.net/e-Uc6W3Kug-HFHJ5nvCUPg==/109951166562828988.jpg
proj-306664	https://p1.music.126.net/b1hZLgWA9ihXkivZeqo81g==/109951168296446353.jpg
proj-407002483	https://p1.music.126.net/6rRiJ_bBS-jOA-IwGUY9dw==/3422779700149849.jpg
proj-327096	https://p1.music.126.net/lmxB0id70BnxR849m1V-2A==/109951171942873077.jpg
proj-297778	https://p1.music.126.net/v-DK2SLu6qWVuGDjAVe3BA==/109951172325735500.jpg
proj-108445	https://p1.music.126.net/sek4ONERhGbxp4oIKcGNMQ==/109951171415599135.jpg
proj-28949444	https://p1.music.126.net/u_1EudmF8Swgow6vfgYe1g==/8896148580676276.jpg
proj-83165	https://p1.music.126.net/n0GF0FhRBeQrrPWJe6eNyw==/573945069711143.jpg
proj-1366052801	https://p1.music.126.net/xH5uX9f5ymnPgPD5E25myA==/109951164081863001.jpg
proj-280118	https://p1.music.126.net/unJ8swkvyAGipGzNxfYuGw==/109951165625481741.jpg
proj-1465226146	https://p1.music.126.net/Y_9l-ydJzV693ev8bGo-nA==/109951165164760011.jpg
proj-26117675	https://p1.music.126.net/Q6ROCCNP2qtqmDzp4uswgA==/109951163069327659.jpg
proj-297710	https://p1.music.126.net/D5xRMdtNoHZx2OqSFwiROg==/109951172325719786.jpg
proj-85621	https://p1.music.126.net/NlfftxU92TkoloqyecgwPw==/109951163287267754.jpg
proj-188660	https://p1.music.126.net/evh6-XDUtpkhGz-hnS_1jw==/109951171993687237.jpg
proj-570839692	https://p1.music.126.net/lI759NPPoU3WoRTu73R76g==/109951165994344537.jpg
proj-5284736	https://p1.music.126.net/2eyXxSgEx_5sNm2sUZvkpQ==/109951170731356161.jpg
proj-188057	https://p1.music.126.net/5mZ92HTkHK3Ba9VXwVqN9Q==/109951165517460254.jpg
proj-188177	https://p1.music.126.net/8X5fw5G6M4FjtR6sQixdnA==/111050674406314.jpg
proj-3320618617	https://p1.music.126.net/1Agq_8L-YdAtr56DaZz1ng==/109951172325720333.jpg
proj-190072	https://p1.music.126.net/mFM2Ii6Kxktb_87b4q3TYQ==/109951167366664357.jpg
proj-189688	https://p1.music.126.net/Phcgzvm2I3aiTdKMX0mTzw==/109951169493340540.jpg
proj-189540	https://p1.music.126.net/RicH6-Q0z6lSerW1H5yWBw==/109951169200522014.jpg
proj-189545	https://p1.music.126.net/RicH6-Q0z6lSerW1H5yWBw==/109951169200522014.jpg
proj-4878608	https://p1.music.126.net/cBtt3t-tpftIwZaqoL_Hfw==/109951172006857717.jpg
proj-1407551413	https://p1.music.126.net/JzsER44sOReoM6mR8XKnsw==/109951165182029540.jpg
proj-298838	https://p1.music.126.net/ZPnVAoCKS9VbUZkOzrJHDw==/19157890602644480.jpg
proj-254499	https://p1.music.126.net/nSCOYgdN2yo1e-NdQWa4CQ==/18511377767232313.jpg
proj-2154945586	https://p1.music.126.net/0ju8ET1ApZSXfWacc4w49w==/109951169484091680.jpg
proj-2023994371	https://p1.music.126.net/ybmJWA31qj3vIMs-EuHWQg==/109951169158802816.jpg
proj-2685528187	https://p1.music.126.net/JqXBfombSm9oxUNlFwa_Qg==/109951170621471519.jpg
proj-2149543676	https://p1.music.126.net/zHrbey-1_LHlVBg3Fre-ow==/109951169531525137.jpg
proj-1887298378	https://p1.music.126.net/0yr9nwmOfkKdchucHPJ4OQ==/109951166521975489.jpg
proj-33599439	https://p1.music.126.net/8lHJleTkwDg-DlhRq35EhA==/3366704604374334.jpg
proj-86369	https://p1.music.126.net/a4KYp477snGHe3ZyjVpe1w==/109951165351505570.jpg
proj-2188846	https://p1.music.126.net/2fFNtQ0o7-j5qPLxRrd-vw==/109951169037806968.jpg
proj-357459	https://p1.music.126.net/re-NJDr-9p6plyyDXR1KxQ==/109951167343282478.jpg
proj-1932683020	https://p1.music.126.net/7IIVAZZl1XEddH-5hvrk6w==/109951167211216883.jpg
proj-198839	https://p1.music.126.net/LSWxAiKmIL90ViKWtl_Gcw==/47279000011420.jpg
proj-195896	https://p2.music.126.net/3HU-efj68qEF3M4BqPpbLA==/95657511633807.jpg
proj-1847408145	https://p2.music.126.net/LzkzNYJ7zzb9b3ofOac2Qg==/109951168146310081.jpg
proj-1853812727	https://p2.music.126.net/opmFgDaaliQB9x4R5IsKvg==/109951168146393248.jpg
proj-1888076998	https://p2.music.126.net/aN_g-a32xE4MO7GoC3JU6w==/109951168278838053.jpg
proj-28853062	https://p2.music.126.net/FfQH8fepGQVLNnF7XP5WCw==/5986840813792842.jpg
proj-5252636	https://p2.music.126.net/Iw5_wb10a-MtslN_pD5B_w==/19195273997826288.jpg
proj-1844385608	https://p2.music.126.net/Cv40cVVro_xjv8uOSol8lw==/109951166684189724.jpg
proj-486814713	https://p2.music.126.net/CnjJI0KTqHp54jfVFlH9SQ==/19134800858377336.jpg
proj-1438246130	https://p2.music.126.net/rF1VJWsm3dWPugv042j8Bg==/109951164877954978.jpg
proj-5237991	https://p2.music.126.net/ldLlfh6BULax58Ay2Mud6g==/109951163447808538.jpg
proj-402070181	https://p2.music.126.net/i9FqR5kdiRmGtiY7k034rg==/1364493978227078.jpg
proj-423406145	https://p2.music.126.net/xt_oovsCzByJNCVOZLWgkA==/2946691201348447.jpg
proj-25643328	https://p2.music.126.net/0ITETv8OI3x2XOnsLlx_Jw==/109951163067344307.jpg
proj-110711	https://p2.music.126.net/thXkupdKJtuSswDv4u-sow==/68169720928612.jpg
proj-327584	https://p2.music.126.net/GQsGLS-cjm-U1RiDxvAmhg==/109951172084716035.jpg
proj-5237749	https://p2.music.126.net/UqspFYRpPxdxa2-tLPRfAA==/109951163447800775.jpg
proj-5255344	https://p2.music.126.net/qIh3y756hgirkSGL4U7qag==/37383395361209.jpg
proj-1952285469	https://p2.music.126.net/jCqK50L1bmtUXJ6c-6L5Og==/109951169158810091.jpg
proj-5246628	https://p2.music.126.net/Qhh-a56j6FaIBN1ekuW_QQ==/109951163311279628.jpg
proj-480579324	https://p2.music.126.net/0I6w0U3tlG1hfwQLQ8al0Q==/18863221486279073.jpg
proj-2006730075	https://p2.music.126.net/4vFnSgN0ypFDP3KyBc9riA==/109951168146749956.jpg
proj-27808900	https://p2.music.126.net/alkN2SRSJ24SZ_bEV6eOHg==/2119858418376882.jpg
proj-5250072	https://p2.music.126.net/blmpVR6oio2Htt4lBtltIg==/109951169280787823.jpg
proj-2724692017	https://p2.music.126.net/eqmXR6n6RR3854tx3CNbIA==/109951171443739878.jpg
proj-4877418	https://p2.music.126.net/7pvCROH2UGqGAszPS5WfSw==/109951163093296876.jpg
proj-26598946	https://p2.music.126.net/0tEzUaiiWOb3gOgQaYKATg==/109951163023734669.jpg
proj-394670	https://p2.music.126.net/CZQlP4Qgy2jbk22BKyDkUA==/120946279068589.jpg
proj-5237795	https://p2.music.126.net/n0LyuX9xE7cGwJd7duro6Q==/109951163447801974.jpg
proj-254574	https://p2.music.126.net/eBF7bHnJYBUfOFrJ_7SUfw==/109951163351825356.jpg
proj-5278704	https://p2.music.126.net/m8b9p170HNzhuO-eGgilHw==/109951170169091419.jpg
proj-5255644	https://p2.music.126.net/QoYAmdyE7FL_vc9rwNeS9w==/64871186055842.jpg
proj-5246609	https://p2.music.126.net/Qhh-a56j6FaIBN1ekuW_QQ==/109951163311279628.jpg
proj-77098	https://p2.music.126.net/2vw20YkzMN8T2CtoDeLNBw==/109951171011327609.jpg
proj-453189433	https://p2.music.126.net/6SMJtePFCd5EzW9INCl5rg==/109951170708690956.jpg
proj-255973	https://p2.music.126.net/gArzCLOXlw60TjydwZdBmA==/109951168747944773.jpg
proj-277817	https://p2.music.126.net/ImOQNmJZTzogPdt0-AsyDA==/19045740416582430.jpg
proj-108370	https://p2.music.126.net/a1uV59DV8OJzn4OVXRlLPw==/109951163071276550.jpg
proj-190458	https://p2.music.126.net/qGTa0B81OLZBgHjFKCcOiw==/109951172128628495.jpg
proj-190473	https://p2.music.126.net/qGTa0B81OLZBgHjFKCcOiw==/109951172128628495.jpg
proj-110184	https://p2.music.126.net/4smbvcWyk16SfSouao2UAA==/109951163031587156.jpg
proj-3342010385	https://p2.music.126.net/rZASsRIlYZeUA8cGKjo70A==/109951172627463823.jpg
proj-327068	https://p2.music.126.net/I_ceJnozkTLeHxHnP33-Vw==/109951171942867677.jpg
proj-5263860	https://p2.music.126.net/jGNbbVzENbb-C73Y4zmiMw==/109951173312926908.jpg
proj-2654774730	https://p2.music.126.net/gktCxLEQlxQZQAOFVtsmlw==/109951170239844188.jpg
proj-108269	https://p2.music.126.net/LI3duoHIZyyLawRJLY51kA==/109951172024569374.jpg
proj-307474	https://p2.music.126.net/BOR4Uq6XUoJ3ZyI24NX7DA==/109951164170265162.jpg
proj-481853239	https://p2.music.126.net/MrmH7CNHWCbh4dLEt6CvaQ==/18923694625814745.jpg
proj-25641912	https://p2.music.126.net/QpDWkU9rFwmFnWjA5O_3cA==/595935302298252.jpg
proj-280098	https://p2.music.126.net/m8uJOx1OwCuzJr6kY1A0qA==/109951171866738500.jpg
proj-3368053771	https://p2.music.126.net/Kl9yWDv3hThJZrnQ7O2QJA==/109951173018072318.jpg
proj-191232	https://p2.music.126.net/vjLs7CkHECi5PUu9hX79CQ==/109951171530606390.jpg
proj-541687281	https://p2.music.126.net/VYZejIv5M-K4RsHKkyXQFQ==/109951165958895028.jpg
proj-108640	https://p2.music.126.net/DjFHDgJxYgByciKsCH3Tlg==/109951169614579889.jpg
proj-326990	https://p2.music.126.net/Zo32hORqgy2prGj-OGGxjw==/109951170169025541.jpg
proj-5239552	https://p2.music.126.net/Y_Z9lNHta4TZ80VgEUkMRA==/109951165641468578.jpg
proj-190526	https://p2.music.126.net/2SKyO_NjdYOdsmLiqUyPhQ==/109951167893538409.jpg
proj-190251	https://p2.music.126.net/1Ucn0q8b08zwIYba_lzifQ==/109951163829579339.jpg
proj-60263	https://p2.music.126.net/3lrUXI96dmlEi2UgeIhOHg==/109951163076301483.jpg
proj-60238	https://p2.music.126.net/nALqMMDChvjrj2QHJm83jQ==/109951173734485011.jpg
proj-190563	https://p2.music.126.net/nr6zWRE_rHpF6RnIIbcXwA==/109951169427393198.jpg
proj-190328	https://p2.music.126.net/4kPglI6wmqohAw5ImzAosg==/109951169580579205.jpg
proj-188429	https://p2.music.126.net/0IZE4RLTSjo_7lb583sd4Q==/109951171536242805.jpg
proj-188432	https://p2.music.126.net/0IZE4RLTSjo_7lb583sd4Q==/109951171536242805.jpg
proj-274686	https://p2.music.126.net/xGWonQ9dbfDkUrbxD7Ebdw==/109951165674709422.jpg
proj-1299550532	https://p2.music.126.net/tXCIFsVDK6IKcQ9YWxwOEg==/109951163523944497.jpg
proj-570837792	https://p2.music.126.net/lI759NPPoU3WoRTu73R76g==/109951165994344537.jpg
proj-5262391	https://p1.music.126.net/WBuvfwag9OtDbU-f4mbM5A==/109951163237131764.jpg
proj-392713	https://p1.music.126.net/C1r8FvqZ2G3xFCrc-zNzFA==/109951168163060412.jpg
proj-5237869	https://p1.music.126.net/vXrjdbeR5IHWlINJ8aHSZA==/109951163447812860.jpg
proj-5237943	https://p1.music.126.net/EefAhCa8nrlkyPvDj4D9vw==/109951163447813080.jpg
proj-5237929	https://p1.music.126.net/v2quNcR_RjP2TZhuiAvWdA==/109951163447809644.jpg
proj-422104138	https://p1.music.126.net/lt4R_XbCZsT-yzRfWs9VfQ==/3434874331529456.jpg
proj-392735	https://p1.music.126.net/C1r8FvqZ2G3xFCrc-zNzFA==/109951168163060412.jpg
proj-22197007	https://p1.music.126.net/5Bu3XLAvh-M9Iwkh0wlOYg==/109951168162347102.jpg
proj-1939557593	https://p1.music.126.net/5hMteXgmBAR3zmNmDa_70w==/109951167314112441.jpg
proj-28815250	https://p1.music.126.net/W_5XiCv3rGS1-J7EXpHSCQ==/18885211718782327.jpg
proj-4877908	https://p1.music.126.net/t1sod0tPszSPMO0_KmyhvQ==/101155069770298.jpg
proj-5265370	https://p1.music.126.net/TSPcxIY0c05DzeXNIBdwKA==/54975581405868.jpg
proj-168091	https://p1.music.126.net/C6txAWMGlVmAcAD37RVutQ==/122045790684028.jpg
proj-167975	https://p1.music.126.net/GoiTB6oG3vQWntnCjKRw0g==/109951163092691594.jpg
proj-155885	https://p1.music.126.net/8PcFZn_ck-WmfXRnfFN3CA==/109951169278078950.jpg
proj-1878860736	https://p1.music.126.net/_e5KOwFlCZdihhfXFPLvKw==/109951166422324368.jpg
proj-28009051	https://p1.music.126.net/UsI2lB7qV2fhvBIjY0DCjQ==/109951172945816490.jpg
proj-355992	https://p1.music.126.net/XDncptlBJ4_LN3hLBx-8aw==/19061133579343591.jpg
proj-63713	https://p1.music.126.net/lMEmMiiyItFKrPg610JvOA==/109951167411733685.jpg
proj-357279	https://p1.music.126.net/IYmWoRF9sLry9dkzYeFXPQ==/54975581405042.jpg
proj-381825	https://p1.music.126.net/la_yQfJiPmrDvVlaXbdhLA==/109951169200439396.jpg
proj-386844	https://p1.music.126.net/W1kczDCB4-r-uNAznD1ljg==/108851651165850.jpg
proj-573982269	https://p1.music.126.net/3Hd-RN-PXjn0oz62_4Bzdg==/109951165671153883.jpg
proj-354593	https://p1.music.126.net/JOEEbWGRxTrUu-WbYYz_lQ==/109951167320242838.jpg
proj-156374	https://p1.music.126.net/J_8mpcsWwNJDu_8wp6fvpw==/109951172477522630.jpg
proj-5276979	https://p1.music.126.net/CmJDcDzFqhAr86ID70Uffw==/109951163211257650.jpg
proj-156915	https://p1.music.126.net/ZVuQ4Cd0hQm07wj79zIaRg==/109951170270558113.jpg
proj-155908	https://p1.music.126.net/nQA2BITROw1yIHCW8CgQJg==/109951169277865483.jpg
proj-155961	https://p1.music.126.net/GezkjSxtLYC5PaAbKOON6A==/109951167192693446.jpg
proj-155886	https://p1.music.126.net/8PcFZn_ck-WmfXRnfFN3CA==/109951169278078950.jpg
proj-25638240	https://p1.music.126.net/09VTgYJpr_lDm8cGC0HfXg==/109951167482896864.jpg
proj-387758	https://p1.music.126.net/In_C5x04c0bJ4iofRS8Nqg==/18723583511115606.jpg
proj-387764	https://p1.music.126.net/In_C5x04c0bJ4iofRS8Nqg==/18723583511115606.jpg
proj-385556	https://p1.music.126.net/XfnZ4gol6GP2cEERPW5uaA==/109951168162296454.jpg
proj-22197011	https://p1.music.126.net/5Bu3XLAvh-M9Iwkh0wlOYg==/109951168162347102.jpg
proj-386542	https://p1.music.126.net/-Md-YgTBiVsbpmVXIZz00w==/109951170702056876.jpg
proj-209112	https://p1.music.126.net/T6EwKjP4pIVAQiX17prmeQ==/109951163612079871.jpg
proj-406737702	https://p1.music.126.net/UsI2lB7qV2fhvBIjY0DCjQ==/109951172945816490.jpg
proj-387717	https://p1.music.126.net/6rGX0QA3YpwfWKo79keR_Q==/109951164094157636.jpg
proj-543965520	https://p1.music.126.net/FlaQ6R2Me51v-uRErlE6zQ==/109951163178049506.jpg
proj-569200213	https://p2.music.126.net/vmCcDvD1H04e9gm97xsCqg==/109951163350929740.jpg
proj-569213220	https://p2.music.126.net/vmCcDvD1H04e9gm97xsCqg==/109951163350929740.jpg
proj-1895661317	https://p2.music.126.net/29dzweYfqrRK6unvvpyDlA==/109951166629923582.jpg
proj-2063487880	https://p2.music.126.net/hsIpIgKpGlUlaHPF-qIKcQ==/109951168735465189.jpg
proj-109998	https://p2.music.126.net/vSdrZFQn3uMetLL_j3AnQg==/109951163432562414.jpg
proj-110411	https://p2.music.126.net/Z4PD3xWHcSBOqabMWRc_Uw==/109951170376526221.jpg
proj-1991332085	https://p2.music.126.net/0GZvmUktfaDKXVMdLdabUA==/3240260771428789.jpg
proj-5281327	https://p2.music.126.net/bmNjNkwo8JftUADlFT_SRg==/109951163351799393.jpg
proj-28196372	https://p2.music.126.net/nJxaeD0SF7mJSqt2Af0c1g==/2281486627683301.jpg
proj-28819044	https://p2.music.126.net/Q-yYcQ6Xm7PHXeEPRMDuog==/109951169072000227.jpg
proj-28996926	https://p2.music.126.net/xANk1-adqsx10DpRLJOBzg==/109951167411817871.jpg
proj-202373	https://p2.music.126.net/btBocL7KKvl0sRZY62_BIA==/109951169213244790.jpg
proj-29567189	https://p2.music.126.net/pwcUlwh9MFZ_V3hGBOPaCQ==/109951169213425474.jpg
proj-27646198	https://p2.music.126.net/B8XyAbneWgxRcD95SGMBbA==/109951173825645527.jpg
proj-110215	https://p2.music.126.net/AFbJ1KzfXApdFO9owHCEfA==/109951163432573502.jpg
proj-33248189	https://p2.music.126.net/IwHep8WCIzf2cflSEVUMdQ==/7929677861304714.jpg
proj-85567	https://p2.music.126.net/a2vSAS89jzzJzPyuOQQWVQ==/52776558134030.jpg
proj-108119	https://p2.music.126.net/JMMsecKlbdiEfmGJgQwxjQ==/109951170118048373.jpg
proj-38576323	https://p2.music.126.net/hYjA4Th6CAdkWI_sm32juw==/109951163669459549.jpg
proj-1363948882	https://p2.music.126.net/DK1_4sP_339o5rowMdPXdw==/109951164071024476.jpg
proj-37668008	https://p2.music.126.net/87lCVlUpz7hwYWDUd3TLZQ==/109951169775153273.jpg
proj-31445772	https://p2.music.126.net/ryk8Gu64rOhlYn0pc2Q8Ww==/109951168090271827.jpg
proj-29567192	https://p2.music.126.net/pwcUlwh9MFZ_V3hGBOPaCQ==/109951169213425474.jpg
proj-1895377452	https://p2.music.126.net/BlUFI90gZ2bAfzyb3ZCBQA==/109951166626440183.jpg
proj-2690863733	https://p2.music.126.net/cHNAXqi6WWThq2-y-9K9tA==/109951170683270889.jpg
proj-167876	https://p2.music.126.net/Zg4XDfsiRi5vawjSWPP8Ng==/109951172899966259.jpg
proj-1368754688	https://p2.music.126.net/awJUvRnQYOjyoUJbzfL-Ig==/109951172190059964.jpg
proj-421423806	https://p2.music.126.net/HQxTggMCB7AHUXN-ZFEtmA==/1371091013186741.jpg
proj-1888108371	https://p2.music.126.net/C3v4-OmkV9tUqZmjmIwsWQ==/109951166534520720.jpg
proj-1974443814	https://p2.music.126.net/9bVOooAY6U6EJLzpv1Fikw==/109951169682871673.jpg
proj-29436904	https://p2.music.126.net/WkzQgHTnH1Yf4BXQVgktOg==/6648746813825382.jpg
proj-29715559	https://p2.music.126.net/CVJlM5yyYcdTFVn5gXtyOw==/109951172945818860.jpg
proj-27646199	https://p2.music.126.net/B8XyAbneWgxRcD95SGMBbA==/109951173825645527.jpg
proj-28053527	https://p2.music.126.net/NtKikdu386doPBEbj29LLQ==/5788928720312004.jpg
proj-30431366	https://p2.music.126.net/VuJFMbXzpAProbJPoXLv7g==/7721870161993398.jpg
proj-30431364	https://p2.music.126.net/VuJFMbXzpAProbJPoXLv7g==/7721870161993398.jpg
proj-30431374	https://p2.music.126.net/VuJFMbXzpAProbJPoXLv7g==/7721870161993398.jpg
proj-150654	https://p2.music.126.net/vcyUJw7mfEzzMCgbJry31w==/109951169507121139.jpg
proj-150430	https://p2.music.126.net/ZR6QuByWgej9-aRhZjLqHw==/109951163803188844.jpg
proj-150623	https://p2.music.126.net/tMQXBMTy8pGjGggX1j0YNQ==/109951169389595068.jpg
proj-150633	https://p2.music.126.net/tMQXBMTy8pGjGggX1j0YNQ==/109951169389595068.jpg
proj-150564	https://p2.music.126.net/FLIHPqpkfUBimQZB370agQ==/109951169237251638.jpg
proj-150552	https://p2.music.126.net/FLIHPqpkfUBimQZB370agQ==/109951169237251638.jpg
proj-28029112	https://p2.music.126.net/-UEqoOLy2P4dWzH3WrBlbA==/109951167164989067.jpg
proj-28403111	https://p2.music.126.net/3Y0A55OzEnqKNiH5ODA54A==/109951172683046522.jpg
proj-82453	https://p2.music.126.net/2UjnKgcM1IXxYxhHEXVa4Q==/109951168870794250.jpg
proj-28029097	https://p2.music.126.net/-UEqoOLy2P4dWzH3WrBlbA==/109951167164989067.jpg
proj-186513	https://p2.music.126.net/5pOpnbQHkUnUESO1xsGsXQ==/18932490718960959.jpg
proj-29764562	https://p2.music.126.net/_9UcTe1Ewh97qRWBqS6oXA==/109951166562838294.jpg
proj-31654343	https://p2.music.126.net/e-Uc6W3Kug-HFHJ5nvCUPg==/109951166562828988.jpg
proj-3349595639	https://p2.music.126.net/guOfiYNju7SLEFC9P2_B4A==/109951172741642131.jpg
proj-109545	https://p2.music.126.net/GR6OSPO_tYmk_U9g0OhR_A==/109951172346449536.jpg
proj-1383023894	https://p2.music.126.net/iz2-caOBapwto-FKRvRbQg==/109951168165039248.jpg
proj-168500	https://p2.music.126.net/bgDbLwJC3p46aaaTPaUFJQ==/109951163240608867.jpg
proj-31473269	https://p1.music.126.net/ZgxIL095M8XSKjN4dEGd2g==/109951173833470273.jpg
proj-169185	https://p1.music.126.net/fqiX7ZmISM4fHm7v4GrV2Q==/109951171269232420.jpg
proj-27808044	https://p1.music.126.net/ywVjRpbu9KpcBQh9KJz2HA==/109951164499974026.jpg
proj-287063	https://p1.music.126.net/wF25xzePLml5EGUWM2eInw==/109951173219336672.jpg
proj-35528482	https://p1.music.126.net/h-qQKtPVMxIfdCI8jPYs0w==/109951168707346683.jpg
proj-543965427	https://p1.music.126.net/njxry384J-sXsmR1nXU09A==/109951163178030064.jpg
proj-530986012	https://p1.music.126.net/UFO-Sb28gVrlf_tzp1u6rQ==/109951163109913156.jpg
proj-135022	https://p1.music.126.net/Js-ZQub2-4_RA176YXwm5g==/119846767440816.jpg
proj-516823132	https://p1.music.126.net/Ay5wDVF_0TXZmE2K_ljX4g==/109951171292487969.jpg
proj-5255713	https://p1.music.126.net/bpZ3z7IHanV1aKVc_RU3oQ==/109951165816561425.jpg
proj-481853241	https://p1.music.126.net/MrmH7CNHWCbh4dLEt6CvaQ==/18923694625814745.jpg
proj-28754846	https://p1.music.126.net/QammUK3rCOAkkiszqz08eQ==/19202970579205912.jpg
proj-236387	https://p2.music.126.net/7iw-NUtIDjGXgcjNn0ZudA==/109951167387939221.jpg
proj-1298511555	https://p2.music.126.net/fHK2D1NQ5Xm0qrAqDaaMww==/109951163438961529.jpg
proj-154480	https://p2.music.126.net/EU7zMqnFfC4tgCYBfMdL5g==/109951167370022503.jpg
proj-167732	https://p2.music.126.net/MWVtVi3bgq65_DB5jiExJQ==/109951172321467110.jpg
proj-167827	https://p2.music.126.net/t3ogpTd1bIJpwokhkpBtwQ==/109951169829246225.jpg
proj-97357	https://p2.music.126.net/GyH5RG2HUo78PJ161NCY8A==/109951165966760453.jpg
proj-26562741	https://p2.music.126.net/6-tqeY2U5pAePa3vKSuM5w==/19034745300240313.jpg
proj-1334818132	https://p2.music.126.net/IfNlB068bQiSFu4dnImIBQ==/109951163745342408.jpg
proj-483671599	https://p2.music.126.net/ZZAQGWl9mR7g5xCyWWH3Pw==/19149094509535913.jpg
proj-109039	https://p2.music.126.net/wzRy0OghZO4CxuDxuxUUFg==/109951170353656924.jpg
proj-4875127	https://p2.music.126.net/Kk3pdyIaCSLy1cCUWK7fSw==/19064432114028522.jpg
proj-25707139	https://p2.music.126.net/HWy01ZO5ePxsuMMUv_4crw==/109951171875226384.jpg
proj-28285910	https://p2.music.126.net/gWNsPDBbQCQXVNvMdnAH8A==/18815942487303143.jpg
proj-441491828	https://p2.music.126.net/wSMfGvFzOAYRU_yVIfquAA==/2946691248081599.jpg
proj-28996922	https://p2.music.126.net/xANk1-adqsx10DpRLJOBzg==/109951167411817871.jpg
proj-1889205264	https://p2.music.126.net/qkTOiaKUROdIPtalJ6t1dw==/109951166548217513.jpg