1	奚	JISOO	奚(FLOWER)（花）	JISOO	ME	02:54
2	Dear my crazy soulmate	IU	Dear my crazy soulmate	IU	이 별로부터 (Unknown Planet)	02:36
3	Blueming	IU	Blueming	IU	Love poem	03:37
4	Celebrity	IU	Celebrity（名人）	IU	Celebrity	03:15
5	Angel	尹美莱	Angel	尹美莱 / Tiger JK / 비지 (Bizzy)	Angel	04:15
6	Everytime	CHEN	Everytime	CHEN / Punch	태양의 후예 OST Part.2	03:09
7	Stay With Me	CHANYEOL	Stay With Me	CHANYEOL / Punch	도깨비 OST Part.1（鬼怪 OST Part 1）	03:12
8	운명	Why	운명（命运）	Why	풀 하우스 OST (KBS 미니시리즈)（浪漫满屋）	04:15
9	水星记	郭顶	水星记	郭顶	飞行器的执行周期	05:25
10	凄美地	郭顶	凄美地	郭顶	飞行器的执行周期	04:10
11	那些年	胡夏	那些年（电影《那些年，我们一起追的女孩》主题曲）	胡夏	那些年，我们一起追的女孩 电影原声带	06:11
12	夏至未至	胡夏	夏至未至（电视剧《夏至未至》同名主题曲）	胡夏	夏至未至 影视原声带	04:44
13	卷珠帘	霍尊	卷珠帘	霍尊	天韵·霍尊	04:32
14	大鱼	周深	大鱼 (唱片版)	周深	深的深	05:17
15	小美满	周深	小美满（电影《热辣滚烫》热辣陪伴曲）	周深	小美满	03:34
16	奇妙能力歌	陈粒	奇妙能力歌	陈粒	如也	04:13
17	世间美好与你环环相扣	柏松	世间美好与你环环相扣	柏松	听闻余生	03:11
18	是你	梦然	是你	梦然	是你	03:43
19	理想三旬	陈鸿宇	理想三旬	陈鸿宇	浓烟下的诗歌电台	03:30
20	小半	陈粒	小半	陈粒	小梦大半	04:57
21	时间都去哪儿了 …	王铮亮	时间都去哪儿了（电影《私人定制》插曲\电视剧《老牛家的战争》主题曲\电视剧《空巢姥爷》主题曲）…	王铮亮	听得到的时间	03:43
22	南方姑娘	赵雷	南方姑娘	赵雷	赵小雷	05:32
23	鼓楼	赵雷	鼓楼 (The Drum Tower)	赵雷	无法长大	04:41
24	成都	赵雷	成都	赵雷	成都	05:28
25	我记得	赵雷	我记得	赵雷	署前街少年	05:29
26	董小姐	宋冬野	董小姐	宋冬野	安和桥北	05:10
27	斑马，斑马	宋冬野	斑马，斑马	宋冬野	安和桥北	04:13
28	安和桥	宋冬野	安和桥	宋冬野	安和桥北	04:10
29	风吹麦浪	李健	风吹麦浪	李健	想念你	04:07
30	贝加尔湖畔	李健	贝加尔湖畔	李健	依然	04:05
31	借	毛不易	借	毛不易	平凡的一天	04:03
32	消愁	毛不易	消愁	毛不易	平凡的一天	04:21
33	像我这样的人	毛不易	像我这样的人	毛不易	平凡的一天	03:27
34	夜空中最亮的星	逃跑计划	夜空中最亮的星	逃跑计划	世界	04:12
35	生如夏花	朴树	生如夏花	朴树	生如夏花	04:54
36	追梦赤子心	GALA	追梦赤子心（2013《快乐男声》主题曲）	GALA	追梦痴子心	05:17
37	杀死那个石家庄人	万能青年旅店	杀死那个石家庄人	万能青年旅店	万能青年旅店 同名专辑	05:44
38	后来	刘若英	后来（原曲《未来へ》）	刘若英	我等你	05:41
39	爱你	王心凌	爱你 (Love You)	王心凌	爱你	03:39
40	当你	王心凌	当你	王心凌	闪耀2005	03:23
41	逆战	张杰	逆战	张杰	听！我们的歌	03:50
42	曹操	林俊杰	曹操	林俊杰	曹操	04:02
43	天下	张杰	天下	张杰	明天过后	
59	演员	薛之谦	演员	薛之谦	绅士	04:21
60	戒烟	李荣浩	戒烟	李荣浩	戒烟	04:53
61	爸爸妈妈	李荣浩	爸爸妈妈	李荣浩	有理想	04:44
62	李白	李荣浩	李白	李荣浩	模特	04:33
63	麻雀	李荣浩	麻雀	李荣浩	麻雀	04:12
64	模特	李荣浩	模特	李荣浩	模特	05:06
65	恋人	李荣浩	恋人	李荣浩	黑马	04:35
66	年少有为	李荣浩	年少有为	李荣浩	耳朵	04:39
67	不将就	李荣浩	不将就（电影《何以笙箫默》片尾主题曲）	李荣浩	有理想	05:12
68	起风了	冯沁苑(买辣椒也用券)	起风了（原曲：《ヤキモチ》—高桥优）	冯沁苑(买辣椒也用券)	起风了	05:25
69	摩天动物园	G.E.M.邓紫棋	摩天动物园 (City Zoo)	G.E.M.邓紫棋	摩天动物园	04:30
70	孤独	G.E.M.邓紫棋	孤独 (Loneliness)	G.E.M.邓紫棋	孤独	03:50
71	透明	G.E.M.邓紫棋	透明 (Selfless)	G.E.M.邓紫棋	摩天动物园	03:37
72	天空没有极限	G.E.M.邓紫棋	天空没有极限	G.E.M.邓紫棋	启示录	04:39
73	手心的蔷薇	林俊杰	手心的蔷薇 (Beautiful)	林俊杰 / G.E.M.邓紫棋	新地球 - 人 (Special Edition)	04:40
74	来自天堂的魔鬼	G.E.M.邓紫棋	来自天堂的魔鬼	G.E.M.邓紫棋	新的心跳	04:05
75	喜欢你	G.E.M.邓紫棋	喜欢你 (Like You)	G.E.M.邓紫棋	喜欢你	03:59
76	再见	G.E.M.邓紫棋	再见 (good bye)	G.E.M.邓紫棋	新的心跳	03:26
77	光年之外	G.E.M.邓紫棋	光年之外（电影《太空旅客》中文主题曲）	G.E.M.邓紫棋	光年之外	03:55
78	泡沫	G.E.M.邓紫棋	泡沫 (Bubble)	G.E.M.邓紫棋	Xposed	04:18
79	倒数	G.E.M.邓紫棋	倒数	G.E.M.邓紫棋	另一个童话	03:49
80	句号	G.E.M.邓紫棋	句号 (Full Stop)	G.E.M.邓紫棋	摩天动物园	03:55
81	多远都要在一起	G.E.M.邓紫棋	多远都要在一起	G.E.M.邓紫棋	新的心跳	03:36
82	唯一	G.E.M.邓紫棋	唯一	G.E.M.邓紫棋	T.I.M.E.	04:13
83	遇见	孙燕姿	遇见（电影《向左走向右走》主题曲）	孙燕姿	白羽毛之恋 华语典藏情歌 Vol.2	03:29
84	半句再见	孙燕姿	半句再见（电影《六弄咖啡馆》主题曲）	孙燕姿	半句再见	04:02
85	开始懂了	孙燕姿	开始懂了	孙燕姿	我要的幸福 (My Desired Happiness)	04:31
86	雨天	孙燕姿	雨天	孙燕姿	My Story,Your Song 经典全记录	
87	我怀念的	孙燕姿	我怀念的	孙燕姿	逆光	04:49
88	我不难过	孙燕姿	我不难过	孙燕姿	未完成	05:20
89	致青春	王菲	致青春（电影《致我们终将逝去的青春》主题曲）	王菲	致青春	03:06
90	传奇	王菲	传奇	王菲	传奇	04:56
91	匆匆那年	王菲	匆匆那年 (Fleet of Time)	王菲	匆匆那年	04:00
92	红豆	王菲	红豆	王菲	唱游	04:16
93	岁月如歌	陈奕迅	岁月如歌（无线电视剧《冲上云霄》主题曲）	陈奕迅	Live For Today	03:27
94	因为爱情	陈奕迅	因为爱情（电影《将爱情进行到底》主题曲）	陈奕迅 / 王菲	Stranger Under My Skin	03:38
95	孤勇者	陈奕迅	孤勇者（动画剧集《英雄联盟：双城之战》中文主题曲）	陈奕迅	孤勇者	04:16
96	浮夸	陈奕迅	浮夸	陈奕迅	U87	04:43
97	十年	陈奕迅	十年	陈奕迅	黑白灰	03:25
98	十面埋伏	陈奕迅	十面埋伏	陈奕迅	The Best Moment	03:52
99	淘汰	陈奕迅	淘汰	陈奕迅	认了吧	04:45
100	爱情转移	陈奕迅	爱情转移（电影《爱情呼叫转移》主题曲）	陈奕迅	认了吧	
101	孤独患者	陈奕迅	孤独患者	陈奕迅	?	04:31
102	富士山下	陈奕迅	富士山下	陈奕迅	What's Going On...?	04:18
103	最佳损友	陈奕迅	最佳损友	陈奕迅	Life Continues...	03:53
104	她说	林俊杰	她说 (She Says)	林俊杰	她说 概念自选辑	05:20
105	背对背拥抱	林俊杰	背对背拥抱 (Back to Back)	林俊杰	他是...JJ林俊杰	03:56
106	修炼爱情	林俊杰	修炼爱情 (Practice Love)	林俊杰	因你而在	04:47
107	可惜没如果	林俊杰	可惜没如果 (If Only...)	林俊杰	新地球 - 人 (Special Edition)	04:58
108	愿与愁	林俊杰	愿与愁	林俊杰	愿与愁	03:51
109	Always Online	林俊杰	Always Online（《Cries In A Distance》国语版）	林俊杰	JJ陆	03:45
110	江南	林俊杰	江南 (River South)	林俊杰	第二天堂	04:27
111	Stick Season	Noah Kahan	Stick Season	Noah Kahan	Stick Season	03:02
112	Until I Found You	Stephen Sanchez	Until I Found You	Stephen Sanchez	Until I Found You	
113	Best Day Of My Life	American Authors	Best Day Of My Life	American Authors	American Authors	
114	I'm Yours	Jason Mraz	I'm Yours	Jason Mraz	I'm Yours	04:02
115	Lemon Tree	Fool's Garden	Lemon Tree（柠檬树）	Fool's Garden	High Times - Best Of	03:07
116	Wrecking Ball	Miley Cyrus	Wrecking Ball	Miley Cyrus	Wrecking Ball	03:43
117	Whataya Want from Me	P!nk	Whataya Want from Me	P!nk	Greatest Hits...So Far!!!	03:46
118	All Out Of Fight	P!nk	All Out Of Fight	P!nk	TRUSTFALL (Tour Deluxe Edition)	03:32
119	Here's To Never Growing Up	Avril Lavigne	Here's To Never Growing Up	Avril Lavigne	Here's To Never Growing Up	03:34
120	Innocence	Avril Lavigne	Innocence	Avril Lavigne	The Best Damn Thing (Deluxe Edition)	03:53
121	Girlfriend	Avril Lavigne	Girlfriend	Avril Lavigne	Girlfriend EP	03:37
122	Complicated	Avril Lavigne	Complicated	Avril Lavigne	Let Go	04:05
123	Catch My Breath	Kelly Clarkson	Catch My Breath	Kelly Clarkson	Greatest Hits - Chapter One	04:10
124	Secrets	OneRepublic	Secrets	OneRepublic	Secrets	03:44
125	Pay That Toll	OneRepublic	Pay That Toll	OneRepublic	Pay That Toll	02:47
126	In the End	Linkin Park	In the End（结果到头来）	Linkin Park	Hybrid Theory (混合理论)	03:36
127	Numb	Linkin Park	Numb（麻木不仁）	Linkin Park	Numb	
128	Battle Symphony	Linkin Park	Battle Symphony	Linkin Park	One More Light	03:36
129	One More Light	Linkin Park	One More Light（又一道光芒）	Linkin Park	One More Light	04:15
130	Bones	Imagine Dragons	Bones	Imagine Dragons	Bones	02:45
131	Believer	Imagine Dragons	Believer	Imagine Dragons / Lil Wayne	Believer	03:39
132	The Scientist	Coldplay	The Scientist	Coldplay	The Scientist	05:11
133	Paradise	Coldplay	Paradise	Coldplay	Paradise	04:38
134	A Sky Full of Stars	Coldplay	A Sky Full of Stars	Coldplay	Ghost Stories	04:27
135	Viva La Vida	Coldplay	Viva La Vida（生命万岁）	Coldplay	Viva La Vida or Death and All His Friends	04:02
136	We Will Rock You	Queen	We Will Rock You	Queen	Queen Rocks	02:02
137	Empire State Of Mind	JAY-Z	Empire State Of Mind（纽约之心）	JAY-Z / Alicia Keys	NRJ Hit Music Only!2010	04:36
138	California Gurls	Katy Perry	California Gurls	Katy Perry / Snoop Dogg	2011 Grammy Nominees（格莱美2011）	03:55
139	Still D.R.E.	Dr. Dre	Still D.R.E.	Dr. Dre / Snoop Dogg	2001	04:30
140	NUMB	XXXTENTACION	NUMB	XXXTENTACION	?	03:06
141	Jocelyn Flores	XXXTENTACION	Jocelyn Flores	XXXTENTACION	17	01:59
142	Everybody Dies In Their Nightmares	XXXTENTACION	Everybody Dies In Their Nightmares	XXXTENTACION	17	01:35
143	SAD!	XXXTENTACION	SAD!	XXXTENTACION	?	02:46
144	Run Tha Streetz	2Pac	Run Tha Streetz	2Pac / Michel'le / Storm / Mutah	All Eyez On Me	05:16
145	HUMBLE.	Kendrick Lamar	HUMBLE.	Kendrick Lamar	HUMBLE.	03:01
146	Not Like Us	Kendrick Lamar	Not Like Us	Kendrick Lamar	Not Like Us	04:34
147	Party Rock Anthem	LMFAO	Party Rock Anthem	LMFAO / Lauren Bennett / GoonRock	Party Rock Anthem	04:24
148	INDUSTRY BABY	Lil Nas X	INDUSTRY BABY	Lil Nas X / Jack Harlow	INDUSTRY BABY	03:32
149	Old Town Road	Lil Nas X	Old Town Road	Lil Nas X	7 EP	01:53
150	One Dance	Drake	One Dance	Drake / WizKid / Kyla	One Dance	02:54
151	Better Now	Post Malone	Better Now	Post Malone	beerbongs & bentleys	03:51
152	Sunflower	Post Malone	Sunflower（电影《蜘蛛侠：平行宇宙》迈尔斯主题曲）	Post Malone / Swae Lee	Spider-Man: Into the Spider-Verse (Soundtrack From & Inspired by the ...	02:38
153	Rap God	Eminem	Rap God	Eminem	Rap God	06:03
154	Without Me	Eminem	Without Me	Eminem	The Singles (Eminem album)	
155	Stan	Eminem	Stan	Eminem / Dido	The Marshall Mathers LP	06:44
156	Lose Yourself	Eminem	Lose Yourself	Eminem	8 Mile	05:21
157	Water	Tyla	Water	Tyla	Water	03:20
158	Pink + White	Frank Ocean	Pink + White	Frank Ocean	Blonde	03:04
159	Dancing in the Smoke	GIVĒON	Dancing in the Smoke (From the Netflix Series "Nobody Wants This" Season 2)	GIVĒON	Dancing in the Smoke (From the Netflix Series "Nobody Wants This" Se...	03:42
160	HEARTBREAK ANNIVERSARY	GIVĒON	HEARTBREAK ANNIVERSARY	GIVĒON	HEARTBREAK ANNIVERSARY	03:16
161	God's Plan	Drake	God's Plan	Drake	Scorpion	03:18
162	Chicago Freestyle	Drake	Chicago Freestyle（风城随笔）	Drake / GIVĒON	Dark Lane Demo Tapes	03:40
163	Work	Derra	Work (Derra Flip)	Derra / Drake / Rihanna	Work (Derra Flip)	03:16
164	Popular	The Weeknd	Popular (Music from the HBO Original Series)（剧集《偶像漩涡》原声）	The Weeknd / Playboi Carti / Madonna	Popular (Music from the HBO Original Series)	03:35
165	One Of The Girls	The Weeknd	One Of The Girls（剧集《偶像漩涡》原声）	The Weeknd / JENNIE / Lily-Rose Depp	The Idol Episode 4 (Music from the HBO Original Series)	04:04
166	About Damn Time	Lizzo	About Damn Time	Lizzo	About Damn Time	03:11
167	Best Part	Daniel Caesar	Best Part	Daniel Caesar / H.E.R.	H.E.R.	03:30
168	Leave The Door Open	Bruno Mars	Leave The Door Open	Bruno Mars / Anderson .Paak / Silk Sonic	An Evening With Silk Sonic	
169	Say So	Doja Cat	Say So	Doja Cat	Hot Pink	03:57
170	Kiss Me More	Doja Cat	Kiss Me More	Doja Cat / SZA	Kiss Me More	03:28
171	SOS	SZA	SOS	SZA	SOS	01:57
172	Good Days	SZA	Good Days	SZA	Good Days	04:38
173	Snooze	SZA	Snooze	SZA	SOS	03:21
174	Halo	Beyoncé	Halo	Beyoncé	Halo	04:21
175	Give Me Everything	Pitbull	Give Me Everything	Pitbull / Ne-Yo / Afrojack / Nayer	Planet Pit (Deluxe Version)	04:15
176	Unity	TheFatRat	Unity	TheFatRat	Unity	04:09
177	Salt	Ava Max	Salt	Ava Max	Heaven & Hell	03:00
178	Titanium	David Guetta	Titanium	David Guetta / Sia	Best Of...	03:57
179	Firestone	Kygo	Firestone	Kygo / Conrad Sewell	Firestone	04:31
180	On My Way	Alan Walker	On My Way（《和平精英》盛夏推广曲）	Alan Walker / Sabrina Carpenter / Farruko	On My Way	
181	Hymn For The Weekend	Alan Walker	Hymn For The Weekend (Remix)	Alan Walker / Coldplay	Hymn For The Weekend [Remix]	
182	Fade	Alan Walker	Fade	Alan Walker	Origins	04:24
183	Move Your Body	Alan Walker	Move Your Body (Alan Walker Remix)	Alan Walker / Sia	This Is Acting (Deluxe Version)	03:37
184	The Spectre	Alan Walker	The Spectre（幽魂）	Alan Walker	The Spectre	03:13
185	All Falls Down	Alan Walker	All Falls Down（一切陨落）	Alan Walker / Noah Cyrus / Digital Farm Animals / Juliander	All Falls Down	03:19
186	Alone	Alan Walker	Alone	Alan Walker	Alone	02:38
187	The Middle	Zedd	The Middle	Zedd / Grey / Maren Morris	The Middle	03:04
188	Stay	Zedd	Stay（片刻停留）	Zedd / Alessia Cara	Stay	03:30
189	Clarity	Zedd	Clarity	Zedd / Foxes	Clarity	04:31
190	Paris	The Chainsmokers	Paris	The Chainsmokers	Paris	03:41
191	Don't Let Me Down	The Chainsmokers	Don't Let Me Down	The Chainsmokers / Daya	Don't Let Me Down	03:28
192	Silence	Marshmello	Silence	Marshmello / Khalid	Silence	03:00
193	Animals	Martin Garrix	Animals (Original Mix)	Martin Garrix	Animals	05:03
194	Scared to Be Lonely	Martin Garrix	Scared to Be Lonely	Martin Garrix / Dua Lipa	Scared to Be Lonely	03:40
195	In the Name of Love	Martin Garrix	In the Name of Love（以爱之名）	Martin Garrix / Bebe Rexha	In the Name of Love	
196	One Kiss	Calvin Harris	One Kiss	Calvin Harris / Dua Lipa	One Kiss	03:29
197	Summer	久石让	Summer（电影《菊次郎的夏天》主题曲）	久石让	ENCORE	02:33
198	Feel So Close	Calvin Harris	Feel So Close (Radio Edit)	Calvin Harris	Feel So Close	03:25
199	Hey Brother	Avicii	Hey Brother	Avicii / Dan Tyminski	True	04:17
200	The Nights	Avicii	The Nights	Avicii / Nicholas Furlong	The Days / Nights (Remixes /EP)	02:56
201	Wake Me Up	Avicii	Wake Me Up	Avicii / Aloe Blacc	True	04:09
202	Let It Be	The Beatles	Let It Be (Remastered)	The Beatles	Let It Be (Remastered)	04:03
203	Yesterday	The Beatles	Yesterday (Remastered)	The Beatles	Help! (Remastered)	02:03
204	Hey Jude	The Beatles	Hey Jude	The Beatles	Love	03:58
205	How to Save a Life	The Fray	How to Save a Life	The Fray	How To Save A Life	04:23
206	Chasing Cars	Snow Patrol	Chasing Cars	Snow Patrol	Chasing Cars	04:26
207	All I Want	Kodaline	All I Want	Kodaline	In A Perfect World	05:05
208	Sparks	Coldplay	Sparks	Coldplay	Parachutes	03:47
209	Falling	Harry Styles	Falling	Harry Styles	Fine Line	
210	Make You Feel My Love	Adele	Make You Feel My Love	Adele	Make You Feel My Love	03:32
211	Hey There Delilah	Plain White T's	Hey There Delilah	Plain White T's	2008 Grammy Nominees	03:52
212	The Night We Met	Lord Huron	The Night We Met	Lord Huron / Phoebe Bridgers	13 Reasons Why (Season 2)	03:28
213	When You Say Nothing At All	Ronan Keating	When You Say Nothing At All（电影《新娘百分百》插曲）	Ronan Keating	Notting Hill (Music from the Motion Picture)（诺丁山）	04:16
214	Shallow	Lady Gaga	Shallow（电影《一个明星的诞生》主题曲）	Lady Gaga / Bradley Cooper	A Star Is Born Soundtrack	03:35
215	Right Here Waiting	Richard Marx	Right Here Waiting	Richard Marx	Ballads	04:24
216	I Love You 3000	Stephanie Poetri	I Love You 3000	Stephanie Poetri	I Love You 3000	03:29
217	You Raise Me Up	Westlife	You Raise Me Up	Westlife	You Raise Me Up	04:01
218	My Love	Westlife	My Love	Westlife	Unbreakable, Vol. 1 - The Greatest Hits	03:51
219	Can't Help Falling in Love	Elvis Presley	Can't Help Falling in Love	Elvis Presley	Suspicious Minds: 60 Greatest Hits of Elvis Presley	03:02
220	Burn	Ellie Goulding	Burn	Ellie Goulding	Burn - Single	03:51
221	Stay With Me	Sam Smith	Stay With Me	Sam Smith	Stay With Me	
222	Say Something	A Great Big World	Say Something	A Great Big World	Is There Anybody Out There?	
223	Skyfall	Adele	Skyfall (Full Length)（电影《007：大破天幕杀机》主题曲）	Adele	Skyfall (Full Length)	04:46
224	Arcade	Duncan Laurence	Arcade	Duncan Laurence	Arcade	03:05
225	Too Good At Goodbyes	Sam Smith	Too Good At Goodbyes	Sam Smith	The Thrill Of It All (Special Edition)	03:21
226	I'm Not the Only One	Sam Smith	I'm Not the Only One	Sam Smith	In The Lonely Hour	03:59
227	Let Her Go	Passenger	Let Her Go	Passenger	All The Little Lights	04:12
228	Impossible	James Arthur	Impossible	James Arthur	Impossible	03:29
229	Say You Won't Let Go	James Arthur	Say You Won't Let Go	James Arthur	Back from the Edge	03:29
230	Before You Go	Lewis Capaldi	Before You Go	Lewis Capaldi	Before You Go	03:35
231	All I Ask	Adele	All I Ask	Adele	25	04:31
232	Set Fire to the Rain	Adele	Set Fire to the Rain	Adele	21	04:02
233	Easy On Me	Adele	Easy On Me	Adele	30	03:44
234	It Will Rain	Bruno Mars	It Will Rain	Bruno Mars	It Will Rain	04:17
235	When I Was Your Man	Bruno Mars	When I Was Your Man	Bruno Mars	Unorthodox Jukebox	03:33
236	Calm Down	Rema	Calm Down	Rema / Selena Gomez	Calm Down	03:59
237	What Was I Made For?	Billie Eilish	What Was I Made For? (From The Motion Picture "Barbie")（电影《芭比》原声）	Billie Eilish	Barbie The Album	03:42
238	bad guy	Billie Eilish	bad guy	Billie Eilish	WHEN WE ALL FALL ASLEEP, WHERE DO WE GO?	03:14
239	greedy	Tate McRae	greedy	Tate McRae	greedy	02:11
240	APT.	ROSÉ	APT.	ROSÉ / Bruno Mars	APT.	02:49
241	Lose Control	Teddy Swims	Lose Control	Teddy Swims	Lose Control	03:30
242	Beautiful Things	Benson Boone	Beautiful Things	Benson Boone	Beautiful Things	03:00
243	Havana	Camila Cabello	Havana	Camila Cabello / Young Thug	Havana	03:36
244	Marry You	Bruno Mars	Marry You	Bruno Mars	Doo-Wops & Hooligans	03:50
245	Fight Song	Rachel Platten	Fight Song	Rachel Platten	Fight Song	03:24
246	Hips Don't Lie	Shakira	Hips Don't Lie（难以抗拒）	Shakira / Wyclef Jean	Greatest Hits	03:39
247	Waka Waka	Shakira	Waka Waka (This Time for Africa)（2010年南非世界杯主题曲）	Shakira / Freshlyground	Waka Waka (This Time For Africa)	03:22
248	I Don't Wanna Live Forever	ZAYN	I Don't Wanna Live Forever (Fifty Shades Darker)（电影《五十度黑》主题曲）	ZAYN / Taylor Swift	Fifty Shades Darker (Original Motion Picture Soundtrack)	04:05
249	Señorita	Shawn Mendes	Señorita	Shawn Mendes / Camila Cabello	Señorita	03:10
250	Dance Monkey	Tones and I	Dance Monkey	Tones and I	Dance Monkey	03:29
251	7 Years	Lukas Graham	7 Years	Lukas Graham	Lukas Graham	03:57
252	Summertime Sadness	Lana Del Rey	Summertime Sadness	Lana Del Rey	Born To Die (Deluxe Version)	04:24
253	Young And Beautiful	Lana Del Rey	Young And Beautiful（风华正茂）	Lana Del Rey	Young And Beautiful	03:56
254	Dusk Till Dawn	ZAYN	Dusk Till Dawn	ZAYN / Sia	Dusk Till Dawn	04:25
255	If I Were a Boy	Beyoncé	If I Were a Boy	Beyoncé	I Am... Sasha Fierce (Deluxe Version)	04:09
256	If I Ain't Got You	Alicia Keys	If I Ain't Got You	Alicia Keys	If I Ain't Got You	03:51
257	Just Give Me a Reason	P!nk	Just Give Me a Reason	P!nk / Nate Ruess	The Truth About Love	04:02
258	Paparazzi	Lady Gaga	Paparazzi	Lady Gaga	Paparazzi	03:28
259	Bad Romance	Lady Gaga	Bad Romance	Lady Gaga	The Fame Monster	04:54
260	Last Friday Night	Katy Perry	Last Friday Night (T.G.I.F.)	Katy Perry	Teenage Dream: The Complete Confection	03:50
261	Night Changes	One Direction	Night Changes	One Direction	Four	03:46
262	Story of My Life	One Direction	Story of My Life	One Direction	Story of My Life	
263	Treat You Better	Shawn Mendes	Treat You Better	Shawn Mendes	Treat You Better	
264	Stitches	Shawn Mendes	Stitches	Shawn Mendes	Handwritten (Revisited)	03:26
265	Ghost	Justin Bieber	Ghost	Justin Bieber	Justice (中国豪华特别版)	02:33
266	Grenade	Bruno Mars	Grenade	Bruno Mars	Grenade	03:42
267	24K Magic	Bruno Mars	24K Magic	Bruno Mars	24K Magic	03:45
268	That's What I Like	Bruno Mars	That's What I Like	Bruno Mars	24K Magic	03:26
269	Shivers	Ed Sheeran	Shivers	Ed Sheeran	Shivers	03:27
270	Bad Habits	Ed Sheeran	Bad Habits	Ed Sheeran	Bad Habits	03:50
271	Photograph	Ed Sheeran	Photograph	Ed Sheeran	x (Deluxe Edition)	04:18
272	Training Season	Dua Lipa	Training Season（训练季）	Dua Lipa	Training Season	03:29
273	Houdini	Dua Lipa	Houdini	Dua Lipa	Houdini	03:05
274	Feather	Sabrina Carpenter	Feather	Sabrina Carpenter	emails i can't send fwd:	03:05
275	Unstoppable	Sia	Unstoppable	Sia	This Is Acting	03:37
276	Paris in the Rain	LAUV	Paris in the Rain	LAUV	I met you when I was 18. (the playlist)	03:24
277	I Like Me Better	LAUV	I Like Me Better	LAUV	I Like Me Better	
278	Dancing With Your Ghost	Sasha Alex Sloan	Dancing With Your Ghost	Sasha Alex Sloan	Dancing With Your Ghost	03:17
279	Faded	Alan Walker	Faded	Alan Walker	Faded	03:32
280	Let Me Down Slowly	Alec Benjamin	Let Me Down Slowly	Alec Benjamin / Alessia Cara	Let Me Down Slowly	02:49
281	Cheap Thrills	Sia	Cheap Thrills	Sia	This Is Acting	03:31
282	Chandelier	Sia	Chandelier	Sia	Chandelier	03:36
283	Royals	Lorde	Royals	Lorde	Royals	03:10
284	golden hour	JVKE	golden hour	JVKE	this is what ____ feels like (Vol. 1-4)	03:29
285	drivers license	Olivia Rodrigo	drivers license	Olivia Rodrigo	SOUR	04:02
286	vampire	Olivia Rodrigo	vampire	Olivia Rodrigo	GUTS	03:39
287	Espresso	Sabrina Carpenter	Espresso	Sabrina Carpenter	Espresso	02:55
288	Late Night Talking	Harry Styles	Late Night Talking	Harry Styles	Harry's House	02:58
289	Adore You	Harry Styles	Adore You	Harry Styles	Fine Line	03:27
290	Watermelon Sugar	Harry Styles	Watermelon Sugar	Harry Styles	Fine Line	02:54
291	Save Your Tears	The Weeknd	Save Your Tears	The Weeknd	After Hours	03:35
292	Blinding Lights	The Weeknd	Blinding Lights	The Weeknd	Blinding Lights	03:20
293	Flowers	Miley Cyrus	Flowers	Miley Cyrus	Flowers	03:20
294	Physical	Dua Lipa	Physical	Dua Lipa	Physical	03:13
295	Levitating	Dua Lipa	Levitating	Dua Lipa	Future Nostalgia	03:23
296	Don't Start Now	Dua Lipa	Don't Start Now	Dua Lipa	Don't Start Now	03:03
297	Lavender Haze	Taylor Swift	Lavender Haze	Taylor Swift	Midnights (3am Edition)	03:22
298	Delicate	Taylor Swift	Delicate	Taylor Swift	reputation	03:52
299	Karma	Taylor Swift	Karma	Taylor Swift	Midnights (3am Edition)	03:24
300	Anti-Hero	Taylor Swift	Anti-Hero	Taylor Swift	Midnights (3am Edition)	03:20
301	What Makes You Beautiful	One Direction	What Makes You Beautiful（是什么让你如此美丽）	One Direction	What Makes You Beautiful	03:18
302	Another Day Of Sun	La La Land Cast	Another Day Of Sun（《LA LA LAND》插曲）	La La Land Cast	Soundtracks	03:48
303	I Really Like You	Carly Rae Jepsen	I Really Like You	Carly Rae Jepsen	I Really Like You	03:24
304	How Long	Charlie Puth	How Long	Charlie Puth	Voicenotes	03:20
305	Hits Different	Taylor Swift	Hits Different	Taylor Swift	Midnights (The Til Dawn Edition)	03:54
306	Five Hundred Miles	Justin Timberlake	Five Hundred Miles（五百英里）	Justin Timberlake / Carey Mulligan / Stark Sands	Inside Llewyn Davis: Original Soundtrack Recording（醉乡民谣）	03:27
307	Nothing On You	B.o.B	Nothing On You	B.o.B / Bruno Mars	Essential R&B - Summer 2010	04:28
308	Turnin'	Young Rising Sons	Turnin'	Young Rising Sons	Young Rising Sons	03:29
309	Summer Vibe	Walk off the Earth	Summer Vibe	Walk off the Earth	Summer Vibe	03:18
310	Solo Dance	Martin Jensen	Solo Dance	Martin Jensen	Solo Dance	02:53
311	Walk Thru Fire	Vicetone	Walk Thru Fire（赴汤蹈火）	Vicetone / Meron Ryan	Walk Thru Fire	03:14
312	Meant To Be	Arc North	Meant To Be（命中注定）	Arc North / Krista Marina	Meant To Be	03:28
313	Run Free	Deep Chills	Run Free (feat. IVIE)	Deep Chills / IVIE	Run Free (feat. IVIE)	02:50
314	Shots	Imagine Dragons	Shots (Broiler Remix)	Imagine Dragons / Broiler	Shots	03:11
315	Come Back To Me	宇多田ヒカル	Come Back To Me	宇多田ヒカル	Promo Only: Mainstream Radio, March 2009	03:58
316	Go Again	King CAAN	Go Again (feat. ELYSA)	King CAAN / Elysa	Go Again (feat. ELYSA)	02:59
317	One Day	Matisyahu	One Day	Matisyahu	One Day	03:26
318	Waiting For Love	Avicii	Waiting For Love	Avicii	Live A Life You Will Remember	
319	Slow Down	Madnap	Slow Down（放缓）	Madnap / Pauline Herr	Slow Down	03:23
320	There For You	Martin Garrix	There For You（守候）	Martin Garrix / Troye Sivan	There For You	03:41
321	The Way I Still Love You	Reynard Silva	The Way I Still Love You（就像我还爱你一样）	Reynard Silva	Reynard Silva	03:48
322	Closer	The Chainsmokers	Closer	The Chainsmokers / Halsey	Closer	04:04
323	Someone You Loved	Lewis Capaldi	Someone You Loved	Lewis Capaldi	BREACH	03:02
324	I Don't Think That I Like Her	Charlie Puth	I Don't Think That I Like Her	Charlie Puth	I Don't Think That I Like Her	03:08
325	Thinking out Loud	Ed Sheeran	Thinking out Loud	Ed Sheeran	x (Deluxe Edition)	04:41
326	Dance The Night	Dua Lipa	Dance The Night（电影《芭比》原声）	Dua Lipa	Barbie The Album	02:56
327	Lemon Tree	Fool's Garden	Lemon Tree（柠檬树）	Fool's Garden	Dish of the Day	03:11
328	What Do I Know?	Ed Sheeran	What Do I Know?	Ed Sheeran	÷ (Deluxe)	03:57
329	Halo	Beyoncé	Halo	Beyoncé	I AM...SASHA FIERCE	04:21
330	Here's to Never Growing Up	Avril Lavigne	Here's to Never Growing Up	Avril Lavigne	Avril Lavigne (Expanded Edition)	03:34
331	Bitchin' Summer	Avril Lavigne	Bitchin' Summer	Avril Lavigne	Avril Lavigne (Expanded Edition)	
332	drop dead	Olivia Rodrigo	drop dead	Olivia Rodrigo	drop dead	03:44
333	A Thousand Years	Christina Perri	A Thousand Years	Christina Perri	A Thousand Years	04:45
334	Call Me Maybe	Carly Rae Jepsen	Call Me Maybe	Carly Rae Jepsen	Call Me Maybe	03:13
335	Send My Love	Adele	Send My Love (To Your New Lover)	Adele	Send My Love (To Your New Lover)	03:43
336	Poker Face	Lady Gaga	Poker Face	Lady Gaga	Poker Face	03:57
337	stupid song	Olivia Rodrigo	stupid song	Olivia Rodrigo	you seem pretty sad for a girl so in love	03:29
338	Nonsense	Sabrina Carpenter	Nonsense	Sabrina Carpenter	emails i can't send	02:43
339	twilight zone	Ariana Grande	twilight zone	Ariana Grande	eternal sunshine deluxe: brighter days ahead	03:18
340	Another Day Of Sun	La La Land Cast	Another Day Of Sun (From "La La Land" Soundtrack)	La La Land Cast	La La Land (Original Motion Picture Soundtrack)	03:48
341	WILDFLOWER	Billie Eilish	WILDFLOWER	Billie Eilish	HIT ME HARD AND SOFT	04:21
342	Heat Waves	Glass Animals	Heat Waves	Glass Animals	ADULTHOOD	03:58
343	Good Time	Owl City	Good Time	Owl City / Carly Rae Jepsen	Good Time	03:25
344	Running Up That Hill	Meg Myers	Running Up That Hill	Meg Myers	Running Up That Hill	04:23
345	As It Was	Harry Styles	As It Was	Harry Styles	Harry's House	
346	Kill Bill	SZA	Kill Bill	SZA	SOS	02:33
347	BIRDS OF A FEATHER	Billie Eilish	BIRDS OF A FEATHER（比翼之鸟）	Billie Eilish	HIT ME HARD AND SOFT	03:30
348	Die With A Smile	Lady Gaga	Die With A Smile	Lady Gaga / Bruno Mars	Die With A Smile	04:11
349	Wolves	Selena Gomez	Wolves	Selena Gomez / Marshmello	Wolves	03:17
350	Hello	Adele	Hello	Adele	Hello	04:55
351	Love In The Dark	Adele	Love In The Dark	Adele	25	04:45
352	Galway Girl	Ed Sheeran	Galway Girl	Ed Sheeran	÷ (Deluxe)	02:50
353	Umbrella	Rihanna	Umbrella	Rihanna / JAY-Z	Good Girl Gone Bad: Reloaded	04:35
354	Love The Way You Lie	Eminem	Love The Way You Lie	Eminem / Rihanna	Life After Recovery	04:23
355	This Is What You Came For	Calvin Harris	This Is What You Came For	Calvin Harris / Rihanna	This Is What You Came For	03:42
356	Counting Stars	OneRepublic	Counting Stars（数星星）	OneRepublic	Native (Deluxe Version)	04:16
357	One More Night	Maroon 5	One More Night	Maroon 5	Overexposed (Deluxe)	03:39
358	Maps	Maroon 5	Maps	Maroon 5	Maps	03:10
360	Moves Like Jagger	Maroon 5	Moves Like Jagger	Maroon 5 / Christina Aguilera	Moves Like Jagger	03:21
361	Love Yourself	Justin Bieber	Love Yourself	Justin Bieber	Purpose (Deluxe)	03:53
362	STAY	The Kid LAROI	STAY	The Kid LAROI / Justin Bieber	STAY	02:21
363	Sorry	Justin Bieber	Sorry	Justin Bieber	Sorry	03:20
364	Payphone	Maroon 5	Payphone	Maroon 5 / Wiz Khalifa	Payphone	03:52
365	Sugar	Maroon 5	Sugar	Maroon 5	V	03:54
366	We Found Love	Rihanna	We Found Love	Rihanna / Calvin Harris	We Found Love (The Remixes)	03:35
367	Apologize	OneRepublic	Apologize	OneRepublic	Dreaming Out Loud (Tour Edition)	03:28
368	The Monster	Eminem	The Monster	Eminem / Rihanna	The Monster	04:10
369	Yellow	Coldplay	Yellow	Coldplay	Yellow	04:26
370	Something Just Like This	The Chainsmokers	Something Just Like This	The Chainsmokers / Coldplay	Something Just Like This	04:07
371	Gold	Kiiara	Gold	Kiiara	Gold	
372	Roar	Katy Perry	Roar	Katy Perry	Roar	
373	Firework	Katy Perry	Firework	Katy Perry	Firework	03:48
374	Beauty And A Beat	Justin Bieber	Beauty And A Beat	Justin Bieber / Nicki Minaj	Believe (Deluxe Edition)	03:47
375	Baby	Justin Bieber	Baby	Justin Bieber / Ludacris	Baby	03:36
376	Peaches	Justin Bieber	Peaches	Justin Bieber / Daniel Caesar / GIVĒON	Justice (中国豪华特别版)	03:18
377	What Do You Mean?	Justin Bieber	What Do You Mean?	Justin Bieber	What Do You Mean?	03:27
378	Perfect	Ed Sheeran	Perfect	Ed Sheeran	÷ (Deluxe)	04:23
379	Shape of You	Ed Sheeran	Shape of You	Ed Sheeran	Shape of You	03:53
380	Raise Your Glass	P!nk	Raise Your Glass	P!nk	Raise Your Glass	03:23
381	Just Like Fire	P!nk	Just Like Fire（电影《爱丽丝梦游仙境2：镜中奇遇记》主题曲）	P!nk	Alice Through The Looking Glass (Original Motion Picture Soundtrack)	03:35
382	Try	P!nk	Try	P!nk	Try	04:08
383	If I Die Young	The Band Perry	If I Die Young	The Band Perry	Double Cream 5: 20 Years of Nashville #1's 1992-2012	03:43
384	Whistle	Flo Rida	Whistle	Flo Rida	Whistle	03:44
385	Love Story	Taylor Swift	Love Story	Taylor Swift	Fearless	03:56
386	Teenage Dream	Katy Perry	Teenage Dream	Katy Perry	Teenage Dream	
387	Who Says	Selena Gomez	Who Says	Selena Gomez	For You	03:15
388	S&M	Rihanna	S&M	Rihanna	Loud	04:03
389	Diamonds	Rihanna	Diamonds	Rihanna	Diamonds	03:45
390	All About That Bass	Meghan Trainor	All About That Bass	Meghan Trainor	All About That Bass	03:07
391	All of Me	John Legend	All of Me	John Legend	Love In The Future	04:29
392	Talking to the Moon	Bruno Mars	Talking to the Moon	Bruno Mars	It's Better If You Don't Understand	03:27
393	Because of You	Kelly Clarkson	Because of You	Kelly Clarkson	Because Of You	03:39
394	Stronger	Kelly Clarkson	Stronger	Kelly Clarkson	Kids Top 20 - De Grootste Hits Van 2013 - Summer Edition 2013	03:41
395	When We Were Young	Adele	When We Were Young	Adele	When We Were Young	04:50
396	Someone Like You	Adele	Someone Like You	Adele	Someone Like You	04:45
397	Rolling in the Deep	Adele	Rolling in the Deep	Adele	Rolling in the Deep	03:48
398	One Call Away	Charlie Puth	One Call Away	Charlie Puth	Nine Track Mind	03:14
399	Love Me Like You Do	Ellie Goulding	Love Me Like You Do（电影《五十度灰》主题曲）	Ellie Goulding	Love Me Like You Do (From "Fifty Shades of Grey")	04:10
400	Uptown Funk	Mark Ronson	Uptown Funk	Mark Ronson / Bruno Mars	Uptown Funk	
401	Just the Way You Are	Bruno Mars	Just the Way You Are	Bruno Mars	The Brit Awards Album 2011	03:40
402	See You Again	Wiz Khalifa	See You Again（有缘再见）	Wiz Khalifa / Charlie Puth	Furious 7: Original Motion Picture Soundtrack (Deluxe)	03:49
403	We Don't Talk Anymore	Charlie Puth	We Don't Talk Anymore (Mr. Collipark Remix)	Charlie Puth / Selena Gomez / Mr. Collipark	We Don't Talk Anymore (Mr. Collipark Remix)	04:14
404	Attention	Charlie Puth	Attention	Charlie Puth	Voicenotes	03:28
405	There's Nothing Holdin' Me Back	Shawn Mendes	There's Nothing Holdin' Me Back	Shawn Mendes	There's Nothing Holdin' Me Back	03:18
406	We Don't Talk Anymore	Charlie Puth	We Don't Talk Anymore	Charlie Puth / Selena Gomez	Nine Track Mind (Deluxe Edition)	03:37
407	Fearless	Taylor Swift	Fearless	Taylor Swift	Fearless	04:01
408	Starlight	Taylor Swift	Starlight	Taylor Swift	Red	03:40
409	Everything Has Changed	Taylor Swift	Everything Has Changed	Taylor Swift / Ed Sheeran	Red	04:05
410	Stay Stay Stay	Taylor Swift	Stay Stay Stay	Taylor Swift	Red	03:25
411	We Are Never Ever Getting Back Together	Taylor Swift	We Are Never Ever Getting Back Together	Taylor Swift	Red	03:13
412	I Almost Do	Taylor Swift	I Almost Do	Taylor Swift	Red	04:04
413	22	Taylor Swift	22	Taylor Swift	Red	03:52
414	All Too Well	Taylor Swift	All Too Well（记忆犹新）	Taylor Swift	Red	05:29
415	I Knew You Were Trouble.	Taylor Swift	I Knew You Were Trouble.	Taylor Swift	Red	03:39
416	Red	Taylor Swift	Red	Taylor Swift	Red	03:43
417	State Of Grace	Taylor Swift	State Of Grace	Taylor Swift	Red	04:55
418	You Are In Love	Taylor Swift	You Are In Love	Taylor Swift	1989 (Deluxe)	04:27
419	Wonderland	Taylor Swift	Wonderland	Taylor Swift	1989 (Deluxe)	04:05
420	Clean	Taylor Swift	Clean	Taylor Swift	1989 (Deluxe)	04:31
421	I Know Places	Taylor Swift	I Know Places	Taylor Swift	1989 (Deluxe)	03:15
422	How You Get The Girl	Taylor Swift	How You Get The Girl	Taylor Swift	1989 (Deluxe)	04:07
423	Wildest Dreams	Taylor Swift	Wildest Dreams	Taylor Swift	1989 (Deluxe)	03:40
424	Bad Blood	Taylor Swift	Bad Blood	Taylor Swift	1989 (Deluxe)	03:31
425	I Wish You Would	Taylor Swift	I Wish You Would	Taylor Swift	1989 (Deluxe)	03:27
426	Shake It Off	Taylor Swift	Shake It Off	Taylor Swift	1989 (Deluxe)	03:39
427	All You Had To Do Was Stay	Taylor Swift	All You Had To Do Was Stay	Taylor Swift	1989 (Deluxe)	03:13
428	Out Of The Woods	Taylor Swift	Out Of The Woods	Taylor Swift	1989 (Deluxe)	03:55
429	Style	Taylor Swift	Style	Taylor Swift	1989 (Deluxe)	03:51
430	Blank Space	Taylor Swift	Blank Space	Taylor Swift	1989 (Deluxe)	03:51
431	Welcome To New York	Taylor Swift	Welcome To New York	Taylor Swift	1989 (Deluxe)	03:32
432	Daylight	Taylor Swift	Daylight	Taylor Swift	Lover	04:53
433	It's Nice To Have A Friend	Taylor Swift	It's Nice To Have A Friend	Taylor Swift	Lover	02:30
434	ME!	Taylor Swift	ME!	Taylor Swift / Brendon Urie	Lover	03:13
435	Afterglow	Taylor Swift	Afterglow	Taylor Swift	Lover	03:43
436	You Need To Calm Down	Taylor Swift	You Need To Calm Down	Taylor Swift	Lover	02:51
437	False God	Taylor Swift	False God	Taylor Swift	Lover	03:20
438	Soon You'll Get Better	Taylor Swift	Soon You'll Get Better	Taylor Swift / The Chicks	Lover	03:21
439	London Boy	Taylor Swift	London Boy	Taylor Swift	Lover	03:10
440	Cornelia Street	Taylor Swift	Cornelia Street	Taylor Swift	Lover	04:47
441	Paper Rings	Taylor Swift	Paper Rings	Taylor Swift	Lover	03:42
442	Miss Americana & The Heartbreak Prince	Taylor Swift	Miss Americana & The Heartbreak Prince	Taylor Swift	Lover	03:54
443	I Think He Knows	Taylor Swift	I Think He Knows	Taylor Swift	Lover	02:53
444	The Archer	Taylor Swift	The Archer	Taylor Swift	Lover	03:31
445	The Man	Taylor Swift	The Man	Taylor Swift	Lover	03:10
446	Lover	Taylor Swift	Lover	Taylor Swift	Lover	03:41
447	Cruel Summer	Taylor Swift	Cruel Summer	Taylor Swift	Lover	02:58
448	I Forgot That You Existed	Taylor Swift	I Forgot That You Existed	Taylor Swift	Lover	02:50
449	Believer	Imagine Dragons	Believer	Imagine Dragons	Evolve	03:24