138	A	California Gurls Katy Perry 2011 Grammy Nominees
138	B	2011 Grammy Nominees California Gurls
138	C	California Gurls 2011 Grammy Nominees
140	A	NUMB XXXTENTACION ?
140	B	? NUMB
140	C	NUMB ?
143	A	SAD! XXXTENTACION ?
143	B	? SAD!
143	C	SAD! ?
161	A	God's Plan Drake Scorpion
161	B	Scorpion God's Plan
161	C	God's Plan Scorpion
213	A	When You Say Nothing At All Ronan Keating Notting Hill
213	B	Notting Hill When You Say Nothing At All
213	C	When You Say Nothing At All Notting Hill
215	A	Right Here Waiting Richard Marx Ballads
215	B	Ballads Right Here Waiting
215	C	Right Here Waiting Ballads
449	A	Believer Imagine Dragons Evolve
449	B	Evolve Believer
449	C	Believer Evolve